est,lower,upper,metric,model_name
0.189,0.187,0.192,aprev,BHBA_IR_FD.EMR_EMR.STAND_Cow.Yes_Breed.No_MilkME.No_AllWN_incl.HighCorr_noFeatExt_SMOTE200_pp.cs_GLMNET_9660_1060
0.063,0.061,0.064,tprev,BHBA_IR_FD.EMR_EMR.STAND_Cow.Yes_Breed.No_MilkME.No_AllWN_incl.HighCorr_noFeatExt_SMOTE200_pp.cs_GLMNET_9660_1060
0.733,0.721,0.744,se,BHBA_IR_FD.EMR_EMR.STAND_Cow.Yes_Breed.No_MilkME.No_AllWN_incl.HighCorr_noFeatExt_SMOTE200_pp.cs_GLMNET_9660_1060
0.847,0.844,0.849,sp,BHBA_IR_FD.EMR_EMR.STAND_Cow.Yes_Breed.No_MilkME.No_AllWN_incl.HighCorr_noFeatExt_SMOTE200_pp.cs_GLMNET_9660_1060
0.84,0.837,0.842,diag.acc,BHBA_IR_FD.EMR_EMR.STAND_Cow.Yes_Breed.No_MilkME.No_AllWN_incl.HighCorr_noFeatExt_SMOTE200_pp.cs_GLMNET_9660_1060
0.79,0.783,0.797,balanced.acc,BHBA_IR_FD.EMR_EMR.STAND_Cow.Yes_Breed.No_MilkME.No_AllWN_incl.HighCorr_noFeatExt_SMOTE200_pp.cs_GLMNET_9660_1060
15.162,14.282,16.097,diag.or,BHBA_IR_FD.EMR_EMR.STAND_Cow.Yes_Breed.No_MilkME.No_AllWN_incl.HighCorr_noFeatExt_SMOTE200_pp.cs_GLMNET_9660_1060
0.006,0.006,0.006,nnd,BHBA_IR_FD.EMR_EMR.STAND_Cow.Yes_Breed.No_MilkME.No_AllWN_incl.HighCorr_noFeatExt_SMOTE200_pp.cs_GLMNET_9660_1060
0.58,0.566,0.593,youden,BHBA_IR_FD.EMR_EMR.STAND_Cow.Yes_Breed.No_MilkME.No_AllWN_incl.HighCorr_noFeatExt_SMOTE200_pp.cs_GLMNET_9660_1060
0.242,0.236,0.248,ppv,BHBA_IR_FD.EMR_EMR.STAND_Cow.Yes_Breed.No_MilkME.No_AllWN_incl.HighCorr_noFeatExt_SMOTE200_pp.cs_GLMNET_9660_1060
0.979,0.978,0.98,npv,BHBA_IR_FD.EMR_EMR.STAND_Cow.Yes_Breed.No_MilkME.No_AllWN_incl.HighCorr_noFeatExt_SMOTE200_pp.cs_GLMNET_9660_1060
4.784,4.682,4.889,plr,BHBA_IR_FD.EMR_EMR.STAND_Cow.Yes_Breed.No_MilkME.No_AllWN_incl.HighCorr_noFeatExt_SMOTE200_pp.cs_GLMNET_9660_1060
0.316,0.303,0.329,nlr,BHBA_IR_FD.EMR_EMR.STAND_Cow.Yes_Breed.No_MilkME.No_AllWN_incl.HighCorr_noFeatExt_SMOTE200_pp.cs_GLMNET_9660_1060
0.19,0.188,0.193,aprev,BHBA_IR_FD.EMR_EMR.STAND_Cow.Yes_Breed.No_MilkME.No_EMR212_incl.HighCorr_noFeatExt_SMOTE200_pp.cs_GLMNET_9660_216
0.063,0.061,0.064,tprev,BHBA_IR_FD.EMR_EMR.STAND_Cow.Yes_Breed.No_MilkME.No_EMR212_incl.HighCorr_noFeatExt_SMOTE200_pp.cs_GLMNET_9660_216
0.752,0.741,0.763,se,BHBA_IR_FD.EMR_EMR.STAND_Cow.Yes_Breed.No_MilkME.No_EMR212_incl.HighCorr_noFeatExt_SMOTE200_pp.cs_GLMNET_9660_216
0.847,0.845,0.85,sp,BHBA_IR_FD.EMR_EMR.STAND_Cow.Yes_Breed.No_MilkME.No_EMR212_incl.HighCorr_noFeatExt_SMOTE200_pp.cs_GLMNET_9660_216
0.841,0.839,0.844,diag.acc,BHBA_IR_FD.EMR_EMR.STAND_Cow.Yes_Breed.No_MilkME.No_EMR212_incl.HighCorr_noFeatExt_SMOTE200_pp.cs_GLMNET_9660_216
0.8,0.793,0.806,balanced.acc,BHBA_IR_FD.EMR_EMR.STAND_Cow.Yes_Breed.No_MilkME.No_EMR212_incl.HighCorr_noFeatExt_SMOTE200_pp.cs_GLMNET_9660_216
16.872,15.871,17.936,diag.or,BHBA_IR_FD.EMR_EMR.STAND_Cow.Yes_Breed.No_MilkME.No_EMR212_incl.HighCorr_noFeatExt_SMOTE200_pp.cs_GLMNET_9660_216
0.006,0.006,0.006,nnd,BHBA_IR_FD.EMR_EMR.STAND_Cow.Yes_Breed.No_MilkME.No_EMR212_incl.HighCorr_noFeatExt_SMOTE200_pp.cs_GLMNET_9660_216
0.6,0.586,0.613,youden,BHBA_IR_FD.EMR_EMR.STAND_Cow.Yes_Breed.No_MilkME.No_EMR212_incl.HighCorr_noFeatExt_SMOTE200_pp.cs_GLMNET_9660_216
0.247,0.241,0.254,ppv,BHBA_IR_FD.EMR_EMR.STAND_Cow.Yes_Breed.No_MilkME.No_EMR212_incl.HighCorr_noFeatExt_SMOTE200_pp.cs_GLMNET_9660_216
0.981,0.98,0.982,npv,BHBA_IR_FD.EMR_EMR.STAND_Cow.Yes_Breed.No_MilkME.No_EMR212_incl.HighCorr_noFeatExt_SMOTE200_pp.cs_GLMNET_9660_216
4.931,4.828,5.036,plr,BHBA_IR_FD.EMR_EMR.STAND_Cow.Yes_Breed.No_MilkME.No_EMR212_incl.HighCorr_noFeatExt_SMOTE200_pp.cs_GLMNET_9660_216
0.292,0.28,0.305,nlr,BHBA_IR_FD.EMR_EMR.STAND_Cow.Yes_Breed.No_MilkME.No_EMR212_incl.HighCorr_noFeatExt_SMOTE200_pp.cs_GLMNET_9660_216
0.186,0.184,0.189,aprev,BHBA_IR_FD.EMR_EMR.STAND_Cow.Yes_Breed.No_MilkME.Yes_AllWN_incl.HighCorr_noFeatExt_SMOTE200_pp.cs_GLMNET_9442_1061
0.062,0.061,0.064,tprev,BHBA_IR_FD.EMR_EMR.STAND_Cow.Yes_Breed.No_MilkME.Yes_AllWN_incl.HighCorr_noFeatExt_SMOTE200_pp.cs_GLMNET_9442_1061
0.721,0.71,0.733,se,BHBA_IR_FD.EMR_EMR.STAND_Cow.Yes_Breed.No_MilkME.Yes_AllWN_incl.HighCorr_noFeatExt_SMOTE200_pp.cs_GLMNET_9442_1061
0.849,0.847,0.852,sp,BHBA_IR_FD.EMR_EMR.STAND_Cow.Yes_Breed.No_MilkME.Yes_AllWN_incl.HighCorr_noFeatExt_SMOTE200_pp.cs_GLMNET_9442_1061
0.841,0.839,0.844,diag.acc,BHBA_IR_FD.EMR_EMR.STAND_Cow.Yes_Breed.No_MilkME.Yes_AllWN_incl.HighCorr_noFeatExt_SMOTE200_pp.cs_GLMNET_9442_1061
0.785,0.778,0.792,balanced.acc,BHBA_IR_FD.EMR_EMR.STAND_Cow.Yes_Breed.No_MilkME.Yes_AllWN_incl.HighCorr_noFeatExt_SMOTE200_pp.cs_GLMNET_9442_1061
14.606,13.758,15.507,diag.or,BHBA_IR_FD.EMR_EMR.STAND_Cow.Yes_Breed.No_MilkME.Yes_AllWN_incl.HighCorr_noFeatExt_SMOTE200_pp.cs_GLMNET_9442_1061
0.006,0.006,0.006,nnd,BHBA_IR_FD.EMR_EMR.STAND_Cow.Yes_Breed.No_MilkME.Yes_AllWN_incl.HighCorr_noFeatExt_SMOTE200_pp.cs_GLMNET_9442_1061
0.571,0.557,0.585,youden,BHBA_IR_FD.EMR_EMR.STAND_Cow.Yes_Breed.No_MilkME.Yes_AllWN_incl.HighCorr_noFeatExt_SMOTE200_pp.cs_GLMNET_9442_1061
0.242,0.236,0.248,ppv,BHBA_IR_FD.EMR_EMR.STAND_Cow.Yes_Breed.No_MilkME.Yes_AllWN_incl.HighCorr_noFeatExt_SMOTE200_pp.cs_GLMNET_9442_1061
0.979,0.978,0.98,npv,BHBA_IR_FD.EMR_EMR.STAND_Cow.Yes_Breed.No_MilkME.Yes_AllWN_incl.HighCorr_noFeatExt_SMOTE200_pp.cs_GLMNET_9442_1061
4.791,4.686,4.899,plr,BHBA_IR_FD.EMR_EMR.STAND_Cow.Yes_Breed.No_MilkME.Yes_AllWN_incl.HighCorr_noFeatExt_SMOTE200_pp.cs_GLMNET_9442_1061
0.328,0.315,0.342,nlr,BHBA_IR_FD.EMR_EMR.STAND_Cow.Yes_Breed.No_MilkME.Yes_AllWN_incl.HighCorr_noFeatExt_SMOTE200_pp.cs_GLMNET_9442_1061
0.188,0.186,0.191,aprev,BHBA_IR_FD.EMR_EMR.STAND_Cow.Yes_Breed.No_MilkME.Yes_EMR212_incl.HighCorr_noFeatExt_SMOTE200_pp.cs_GLMNET_9442_217
0.062,0.061,0.064,tprev,BHBA_IR_FD.EMR_EMR.STAND_Cow.Yes_Breed.No_MilkME.Yes_EMR212_incl.HighCorr_noFeatExt_SMOTE200_pp.cs_GLMNET_9442_217
0.747,0.736,0.758,se,BHBA_IR_FD.EMR_EMR.STAND_Cow.Yes_Breed.No_MilkME.Yes_EMR212_incl.HighCorr_noFeatExt_SMOTE200_pp.cs_GLMNET_9442_217
0.849,0.847,0.851,sp,BHBA_IR_FD.EMR_EMR.STAND_Cow.Yes_Breed.No_MilkME.Yes_EMR212_incl.HighCorr_noFeatExt_SMOTE200_pp.cs_GLMNET_9442_217
0.843,0.84,0.845,diag.acc,BHBA_IR_FD.EMR_EMR.STAND_Cow.Yes_Breed.No_MilkME.Yes_EMR212_incl.HighCorr_noFeatExt_SMOTE200_pp.cs_GLMNET_9442_217
0.798,0.791,0.805,balanced.acc,BHBA_IR_FD.EMR_EMR.STAND_Cow.Yes_Breed.No_MilkME.Yes_EMR212_incl.HighCorr_noFeatExt_SMOTE200_pp.cs_GLMNET_9442_217
16.609,15.618,17.663,diag.or,BHBA_IR_FD.EMR_EMR.STAND_Cow.Yes_Breed.No_MilkME.Yes_EMR212_incl.HighCorr_noFeatExt_SMOTE200_pp.cs_GLMNET_9442_217
0.006,0.006,0.006,nnd,BHBA_IR_FD.EMR_EMR.STAND_Cow.Yes_Breed.No_MilkME.Yes_EMR212_incl.HighCorr_noFeatExt_SMOTE200_pp.cs_GLMNET_9442_217
0.596,0.582,0.609,youden,BHBA_IR_FD.EMR_EMR.STAND_Cow.Yes_Breed.No_MilkME.Yes_EMR212_incl.HighCorr_noFeatExt_SMOTE200_pp.cs_GLMNET_9442_217
0.248,0.242,0.254,ppv,BHBA_IR_FD.EMR_EMR.STAND_Cow.Yes_Breed.No_MilkME.Yes_EMR212_incl.HighCorr_noFeatExt_SMOTE200_pp.cs_GLMNET_9442_217
0.981,0.98,0.981,npv,BHBA_IR_FD.EMR_EMR.STAND_Cow.Yes_Breed.No_MilkME.Yes_EMR212_incl.HighCorr_noFeatExt_SMOTE200_pp.cs_GLMNET_9442_217
4.95,4.844,5.058,plr,BHBA_IR_FD.EMR_EMR.STAND_Cow.Yes_Breed.No_MilkME.Yes_EMR212_incl.HighCorr_noFeatExt_SMOTE200_pp.cs_GLMNET_9442_217
0.298,0.285,0.311,nlr,BHBA_IR_FD.EMR_EMR.STAND_Cow.Yes_Breed.No_MilkME.Yes_EMR212_incl.HighCorr_noFeatExt_SMOTE200_pp.cs_GLMNET_9442_217
0.18,0.178,0.182,aprev,BHBA_IR_FD.EMR_EMR.STAND_Cow.Yes_Breed.Yes_MilkME.No_AllWN_incl.HighCorr_noFeatExt_SMOTE200_pp.cs_GLMNET_9660_1061
0.063,0.061,0.064,tprev,BHBA_IR_FD.EMR_EMR.STAND_Cow.Yes_Breed.Yes_MilkME.No_AllWN_incl.HighCorr_noFeatExt_SMOTE200_pp.cs_GLMNET_9660_1061
0.717,0.705,0.728,se,BHBA_IR_FD.EMR_EMR.STAND_Cow.Yes_Breed.Yes_MilkME.No_AllWN_incl.HighCorr_noFeatExt_SMOTE200_pp.cs_GLMNET_9660_1061
0.856,0.854,0.858,sp,BHBA_IR_FD.EMR_EMR.STAND_Cow.Yes_Breed.Yes_MilkME.No_AllWN_incl.HighCorr_noFeatExt_SMOTE200_pp.cs_GLMNET_9660_1061
0.847,0.845,0.849,diag.acc,BHBA_IR_FD.EMR_EMR.STAND_Cow.Yes_Breed.Yes_MilkME.No_AllWN_incl.HighCorr_noFeatExt_SMOTE200_pp.cs_GLMNET_9660_1061
0.786,0.779,0.793,balanced.acc,BHBA_IR_FD.EMR_EMR.STAND_Cow.Yes_Breed.Yes_MilkME.No_AllWN_incl.HighCorr_noFeatExt_SMOTE200_pp.cs_GLMNET_9660_1061
15.019,14.159,15.932,diag.or,BHBA_IR_FD.EMR_EMR.STAND_Cow.Yes_Breed.Yes_MilkME.No_AllWN_incl.HighCorr_noFeatExt_SMOTE200_pp.cs_GLMNET_9660_1061
0.006,0.006,0.006,nnd,BHBA_IR_FD.EMR_EMR.STAND_Cow.Yes_Breed.Yes_MilkME.No_AllWN_incl.HighCorr_noFeatExt_SMOTE200_pp.cs_GLMNET_9660_1061
0.573,0.559,0.586,youden,BHBA_IR_FD.EMR_EMR.STAND_Cow.Yes_Breed.Yes_MilkME.No_AllWN_incl.HighCorr_noFeatExt_SMOTE200_pp.cs_GLMNET_9660_1061
0.249,0.243,0.256,ppv,BHBA_IR_FD.EMR_EMR.STAND_Cow.Yes_Breed.Yes_MilkME.No_AllWN_incl.HighCorr_noFeatExt_SMOTE200_pp.cs_GLMNET_9660_1061
0.978,0.977,0.979,npv,BHBA_IR_FD.EMR_EMR.STAND_Cow.Yes_Breed.Yes_MilkME.No_AllWN_incl.HighCorr_noFeatExt_SMOTE200_pp.cs_GLMNET_9660_1061
4.971,4.861,5.084,plr,BHBA_IR_FD.EMR_EMR.STAND_Cow.Yes_Breed.Yes_MilkME.No_AllWN_incl.HighCorr_noFeatExt_SMOTE200_pp.cs_GLMNET_9660_1061
0.331,0.318,0.345,nlr,BHBA_IR_FD.EMR_EMR.STAND_Cow.Yes_Breed.Yes_MilkME.No_AllWN_incl.HighCorr_noFeatExt_SMOTE200_pp.cs_GLMNET_9660_1061
0.172,0.169,0.174,aprev,BHBA_IR_FD.EMR_EMR.STAND_Cow.Yes_Breed.Yes_MilkME.No_EMR212_incl.HighCorr_noFeatExt_SMOTE200_pp.cs_GLMNET_9660_217
0.063,0.061,0.064,tprev,BHBA_IR_FD.EMR_EMR.STAND_Cow.Yes_Breed.Yes_MilkME.No_EMR212_incl.HighCorr_noFeatExt_SMOTE200_pp.cs_GLMNET_9660_217
0.712,0.701,0.724,se,BHBA_IR_FD.EMR_EMR.STAND_Cow.Yes_Breed.Yes_MilkME.No_EMR212_incl.HighCorr_noFeatExt_SMOTE200_pp.cs_GLMNET_9660_217
0.864,0.862,0.867,sp,BHBA_IR_FD.EMR_EMR.STAND_Cow.Yes_Breed.Yes_MilkME.No_EMR212_incl.HighCorr_noFeatExt_SMOTE200_pp.cs_GLMNET_9660_217
0.855,0.853,0.857,diag.acc,BHBA_IR_FD.EMR_EMR.STAND_Cow.Yes_Breed.Yes_MilkME.No_EMR212_incl.HighCorr_noFeatExt_SMOTE200_pp.cs_GLMNET_9660_217
0.788,0.781,0.795,balanced.acc,BHBA_IR_FD.EMR_EMR.STAND_Cow.Yes_Breed.Yes_MilkME.No_EMR212_incl.HighCorr_noFeatExt_SMOTE200_pp.cs_GLMNET_9660_217
15.791,14.888,16.748,diag.or,BHBA_IR_FD.EMR_EMR.STAND_Cow.Yes_Breed.Yes_MilkME.No_EMR212_incl.HighCorr_noFeatExt_SMOTE200_pp.cs_GLMNET_9660_217
0.006,0.006,0.006,nnd,BHBA_IR_FD.EMR_EMR.STAND_Cow.Yes_Breed.Yes_MilkME.No_EMR212_incl.HighCorr_noFeatExt_SMOTE200_pp.cs_GLMNET_9660_217
0.577,0.563,0.59,youden,BHBA_IR_FD.EMR_EMR.STAND_Cow.Yes_Breed.Yes_MilkME.No_EMR212_incl.HighCorr_noFeatExt_SMOTE200_pp.cs_GLMNET_9660_217
0.26,0.253,0.266,ppv,BHBA_IR_FD.EMR_EMR.STAND_Cow.Yes_Breed.Yes_MilkME.No_EMR212_incl.HighCorr_noFeatExt_SMOTE200_pp.cs_GLMNET_9660_217
0.978,0.977,0.979,npv,BHBA_IR_FD.EMR_EMR.STAND_Cow.Yes_Breed.Yes_MilkME.No_EMR212_incl.HighCorr_noFeatExt_SMOTE200_pp.cs_GLMNET_9660_217
5.256,5.137,5.378,plr,BHBA_IR_FD.EMR_EMR.STAND_Cow.Yes_Breed.Yes_MilkME.No_EMR212_incl.HighCorr_noFeatExt_SMOTE200_pp.cs_GLMNET_9660_217
0.333,0.32,0.346,nlr,BHBA_IR_FD.EMR_EMR.STAND_Cow.Yes_Breed.Yes_MilkME.No_EMR212_incl.HighCorr_noFeatExt_SMOTE200_pp.cs_GLMNET_9660_217
0.175,0.173,0.178,aprev,BHBA_IR_FD.EMR_EMR.STAND_Cow.Yes_Breed.Yes_MilkME.Yes_AllWN_incl.HighCorr_noFeatExt_SMOTE200_pp.cs_GLMNET_9442_1062
0.062,0.061,0.064,tprev,BHBA_IR_FD.EMR_EMR.STAND_Cow.Yes_Breed.Yes_MilkME.Yes_AllWN_incl.HighCorr_noFeatExt_SMOTE200_pp.cs_GLMNET_9442_1062
0.704,0.692,0.715,se,BHBA_IR_FD.EMR_EMR.STAND_Cow.Yes_Breed.Yes_MilkME.Yes_AllWN_incl.HighCorr_noFeatExt_SMOTE200_pp.cs_GLMNET_9442_1062
0.86,0.857,0.862,sp,BHBA_IR_FD.EMR_EMR.STAND_Cow.Yes_Breed.Yes_MilkME.Yes_AllWN_incl.HighCorr_noFeatExt_SMOTE200_pp.cs_GLMNET_9442_1062
0.85,0.848,0.852,diag.acc,BHBA_IR_FD.EMR_EMR.STAND_Cow.Yes_Breed.Yes_MilkME.Yes_AllWN_incl.HighCorr_noFeatExt_SMOTE200_pp.cs_GLMNET_9442_1062
0.782,0.775,0.789,balanced.acc,BHBA_IR_FD.EMR_EMR.STAND_Cow.Yes_Breed.Yes_MilkME.Yes_AllWN_incl.HighCorr_noFeatExt_SMOTE200_pp.cs_GLMNET_9442_1062
14.561,13.726,15.446,diag.or,BHBA_IR_FD.EMR_EMR.STAND_Cow.Yes_Breed.Yes_MilkME.Yes_AllWN_incl.HighCorr_noFeatExt_SMOTE200_pp.cs_GLMNET_9442_1062
0.006,0.006,0.006,nnd,BHBA_IR_FD.EMR_EMR.STAND_Cow.Yes_Breed.Yes_MilkME.Yes_AllWN_incl.HighCorr_noFeatExt_SMOTE200_pp.cs_GLMNET_9442_1062
0.563,0.549,0.577,youden,BHBA_IR_FD.EMR_EMR.STAND_Cow.Yes_Breed.Yes_MilkME.Yes_AllWN_incl.HighCorr_noFeatExt_SMOTE200_pp.cs_GLMNET_9442_1062
0.251,0.244,0.257,ppv,BHBA_IR_FD.EMR_EMR.STAND_Cow.Yes_Breed.Yes_MilkME.Yes_AllWN_incl.HighCorr_noFeatExt_SMOTE200_pp.cs_GLMNET_9442_1062
0.978,0.976,0.979,npv,BHBA_IR_FD.EMR_EMR.STAND_Cow.Yes_Breed.Yes_MilkME.Yes_AllWN_incl.HighCorr_noFeatExt_SMOTE200_pp.cs_GLMNET_9442_1062
5.018,4.902,5.136,plr,BHBA_IR_FD.EMR_EMR.STAND_Cow.Yes_Breed.Yes_MilkME.Yes_AllWN_incl.HighCorr_noFeatExt_SMOTE200_pp.cs_GLMNET_9442_1062
0.345,0.331,0.358,nlr,BHBA_IR_FD.EMR_EMR.STAND_Cow.Yes_Breed.Yes_MilkME.Yes_AllWN_incl.HighCorr_noFeatExt_SMOTE200_pp.cs_GLMNET_9442_1062
0.172,0.17,0.175,aprev,BHBA_IR_FD.EMR_EMR.STAND_Cow.Yes_Breed.Yes_MilkME.Yes_EMR212_incl.HighCorr_noFeatExt_SMOTE200_pp.cs_GLMNET_9442_218
0.062,0.061,0.064,tprev,BHBA_IR_FD.EMR_EMR.STAND_Cow.Yes_Breed.Yes_MilkME.Yes_EMR212_incl.HighCorr_noFeatExt_SMOTE200_pp.cs_GLMNET_9442_218
0.711,0.699,0.722,se,BHBA_IR_FD.EMR_EMR.STAND_Cow.Yes_Breed.Yes_MilkME.Yes_EMR212_incl.HighCorr_noFeatExt_SMOTE200_pp.cs_GLMNET_9442_218
0.864,0.861,0.866,sp,BHBA_IR_FD.EMR_EMR.STAND_Cow.Yes_Breed.Yes_MilkME.Yes_EMR212_incl.HighCorr_noFeatExt_SMOTE200_pp.cs_GLMNET_9442_218
0.854,0.852,0.856,diag.acc,BHBA_IR_FD.EMR_EMR.STAND_Cow.Yes_Breed.Yes_MilkME.Yes_EMR212_incl.HighCorr_noFeatExt_SMOTE200_pp.cs_GLMNET_9442_218
0.787,0.78,0.794,balanced.acc,BHBA_IR_FD.EMR_EMR.STAND_Cow.Yes_Breed.Yes_MilkME.Yes_EMR212_incl.HighCorr_noFeatExt_SMOTE200_pp.cs_GLMNET_9442_218
15.537,14.64,16.488,diag.or,BHBA_IR_FD.EMR_EMR.STAND_Cow.Yes_Breed.Yes_MilkME.Yes_EMR212_incl.HighCorr_noFeatExt_SMOTE200_pp.cs_GLMNET_9442_218
0.006,0.006,0.006,nnd,BHBA_IR_FD.EMR_EMR.STAND_Cow.Yes_Breed.Yes_MilkME.Yes_EMR212_incl.HighCorr_noFeatExt_SMOTE200_pp.cs_GLMNET_9442_218
0.574,0.56,0.588,youden,BHBA_IR_FD.EMR_EMR.STAND_Cow.Yes_Breed.Yes_MilkME.Yes_EMR212_incl.HighCorr_noFeatExt_SMOTE200_pp.cs_GLMNET_9442_218
0.258,0.251,0.264,ppv,BHBA_IR_FD.EMR_EMR.STAND_Cow.Yes_Breed.Yes_MilkME.Yes_EMR212_incl.HighCorr_noFeatExt_SMOTE200_pp.cs_GLMNET_9442_218
0.978,0.977,0.979,npv,BHBA_IR_FD.EMR_EMR.STAND_Cow.Yes_Breed.Yes_MilkME.Yes_EMR212_incl.HighCorr_noFeatExt_SMOTE200_pp.cs_GLMNET_9442_218
5.208,5.089,5.331,plr,BHBA_IR_FD.EMR_EMR.STAND_Cow.Yes_Breed.Yes_MilkME.Yes_EMR212_incl.HighCorr_noFeatExt_SMOTE200_pp.cs_GLMNET_9442_218
0.335,0.322,0.349,nlr,BHBA_IR_FD.EMR_EMR.STAND_Cow.Yes_Breed.Yes_MilkME.Yes_EMR212_incl.HighCorr_noFeatExt_SMOTE200_pp.cs_GLMNET_9442_218
0.19,0.188,0.193,aprev,BHBA_IR_FD_EMR.STAND_Cow.Yes_Breed.No_MilkME.No_AllWN_incl.HighCorr_noFeatExt_SMOTE200_pp.cs_GLMNET_9660_1063
0.063,0.061,0.064,tprev,BHBA_IR_FD_EMR.STAND_Cow.Yes_Breed.No_MilkME.No_AllWN_incl.HighCorr_noFeatExt_SMOTE200_pp.cs_GLMNET_9660_1063
0.738,0.726,0.749,se,BHBA_IR_FD_EMR.STAND_Cow.Yes_Breed.No_MilkME.No_AllWN_incl.HighCorr_noFeatExt_SMOTE200_pp.cs_GLMNET_9660_1063
0.846,0.844,0.848,sp,BHBA_IR_FD_EMR.STAND_Cow.Yes_Breed.No_MilkME.No_AllWN_incl.HighCorr_noFeatExt_SMOTE200_pp.cs_GLMNET_9660_1063
0.839,0.837,0.842,diag.acc,BHBA_IR_FD_EMR.STAND_Cow.Yes_Breed.No_MilkME.No_AllWN_incl.HighCorr_noFeatExt_SMOTE200_pp.cs_GLMNET_9660_1063
0.792,0.785,0.799,balanced.acc,BHBA_IR_FD_EMR.STAND_Cow.Yes_Breed.No_MilkME.No_AllWN_incl.HighCorr_noFeatExt_SMOTE200_pp.cs_GLMNET_9660_1063
15.446,14.545,16.403,diag.or,BHBA_IR_FD_EMR.STAND_Cow.Yes_Breed.No_MilkME.No_AllWN_incl.HighCorr_noFeatExt_SMOTE200_pp.cs_GLMNET_9660_1063
0.006,0.006,0.006,nnd,BHBA_IR_FD_EMR.STAND_Cow.Yes_Breed.No_MilkME.No_AllWN_incl.HighCorr_noFeatExt_SMOTE200_pp.cs_GLMNET_9660_1063
0.584,0.57,0.597,youden,BHBA_IR_FD_EMR.STAND_Cow.Yes_Breed.No_MilkME.No_AllWN_incl.HighCorr_noFeatExt_SMOTE200_pp.cs_GLMNET_9660_1063
0.242,0.236,0.248,ppv,BHBA_IR_FD_EMR.STAND_Cow.Yes_Breed.No_MilkME.No_AllWN_incl.HighCorr_noFeatExt_SMOTE200_pp.cs_GLMNET_9660_1063
0.98,0.979,0.981,npv,BHBA_IR_FD_EMR.STAND_Cow.Yes_Breed.No_MilkME.No_AllWN_incl.HighCorr_noFeatExt_SMOTE200_pp.cs_GLMNET_9660_1063
4.791,4.689,4.895,plr,BHBA_IR_FD_EMR.STAND_Cow.Yes_Breed.No_MilkME.No_AllWN_incl.HighCorr_noFeatExt_SMOTE200_pp.cs_GLMNET_9660_1063
0.31,0.297,0.324,nlr,BHBA_IR_FD_EMR.STAND_Cow.Yes_Breed.No_MilkME.No_AllWN_incl.HighCorr_noFeatExt_SMOTE200_pp.cs_GLMNET_9660_1063
0.189,0.186,0.191,aprev,BHBA_IR_FD_EMR.STAND_Cow.Yes_Breed.No_MilkME.No_EMR212_incl.HighCorr_noFeatExt_SMOTE200_pp.cs_GLMNET_9660_216
0.063,0.061,0.064,tprev,BHBA_IR_FD_EMR.STAND_Cow.Yes_Breed.No_MilkME.No_EMR212_incl.HighCorr_noFeatExt_SMOTE200_pp.cs_GLMNET_9660_216
0.747,0.736,0.758,se,BHBA_IR_FD_EMR.STAND_Cow.Yes_Breed.No_MilkME.No_EMR212_incl.HighCorr_noFeatExt_SMOTE200_pp.cs_GLMNET_9660_216
0.849,0.846,0.851,sp,BHBA_IR_FD_EMR.STAND_Cow.Yes_Breed.No_MilkME.No_EMR212_incl.HighCorr_noFeatExt_SMOTE200_pp.cs_GLMNET_9660_216
0.842,0.84,0.845,diag.acc,BHBA_IR_FD_EMR.STAND_Cow.Yes_Breed.No_MilkME.No_EMR212_incl.HighCorr_noFeatExt_SMOTE200_pp.cs_GLMNET_9660_216
0.798,0.791,0.804,balanced.acc,BHBA_IR_FD_EMR.STAND_Cow.Yes_Breed.No_MilkME.No_EMR212_incl.HighCorr_noFeatExt_SMOTE200_pp.cs_GLMNET_9660_216
16.539,15.564,17.575,diag.or,BHBA_IR_FD_EMR.STAND_Cow.Yes_Breed.No_MilkME.No_EMR212_incl.HighCorr_noFeatExt_SMOTE200_pp.cs_GLMNET_9660_216
0.006,0.006,0.006,nnd,BHBA_IR_FD_EMR.STAND_Cow.Yes_Breed.No_MilkME.No_EMR212_incl.HighCorr_noFeatExt_SMOTE200_pp.cs_GLMNET_9660_216
0.595,0.582,0.609,youden,BHBA_IR_FD_EMR.STAND_Cow.Yes_Breed.No_MilkME.No_EMR212_incl.HighCorr_noFeatExt_SMOTE200_pp.cs_GLMNET_9660_216
0.248,0.241,0.254,ppv,BHBA_IR_FD_EMR.STAND_Cow.Yes_Breed.No_MilkME.No_EMR212_incl.HighCorr_noFeatExt_SMOTE200_pp.cs_GLMNET_9660_216
0.98,0.979,0.981,npv,BHBA_IR_FD_EMR.STAND_Cow.Yes_Breed.No_MilkME.No_EMR212_incl.HighCorr_noFeatExt_SMOTE200_pp.cs_GLMNET_9660_216
4.934,4.83,5.04,plr,BHBA_IR_FD_EMR.STAND_Cow.Yes_Breed.No_MilkME.No_EMR212_incl.HighCorr_noFeatExt_SMOTE200_pp.cs_GLMNET_9660_216
0.298,0.286,0.312,nlr,BHBA_IR_FD_EMR.STAND_Cow.Yes_Breed.No_MilkME.No_EMR212_incl.HighCorr_noFeatExt_SMOTE200_pp.cs_GLMNET_9660_216
0.191,0.188,0.193,aprev,BHBA_IR_FD_EMR.STAND_Cow.Yes_Breed.No_MilkME.Yes_AllWN_incl.HighCorr_noFeatExt_SMOTE200_pp.cs_GLMNET_9442_1064
0.062,0.061,0.064,tprev,BHBA_IR_FD_EMR.STAND_Cow.Yes_Breed.No_MilkME.Yes_AllWN_incl.HighCorr_noFeatExt_SMOTE200_pp.cs_GLMNET_9442_1064
0.737,0.725,0.748,se,BHBA_IR_FD_EMR.STAND_Cow.Yes_Breed.No_MilkME.Yes_AllWN_incl.HighCorr_noFeatExt_SMOTE200_pp.cs_GLMNET_9442_1064
0.846,0.843,0.848,sp,BHBA_IR_FD_EMR.STAND_Cow.Yes_Breed.No_MilkME.Yes_AllWN_incl.HighCorr_noFeatExt_SMOTE200_pp.cs_GLMNET_9442_1064
0.839,0.837,0.841,diag.acc,BHBA_IR_FD_EMR.STAND_Cow.Yes_Breed.No_MilkME.Yes_AllWN_incl.HighCorr_noFeatExt_SMOTE200_pp.cs_GLMNET_9442_1064
0.791,0.784,0.798,balanced.acc,BHBA_IR_FD_EMR.STAND_Cow.Yes_Breed.No_MilkME.Yes_AllWN_incl.HighCorr_noFeatExt_SMOTE200_pp.cs_GLMNET_9442_1064
15.341,14.437,16.302,diag.or,BHBA_IR_FD_EMR.STAND_Cow.Yes_Breed.No_MilkME.Yes_AllWN_incl.HighCorr_noFeatExt_SMOTE200_pp.cs_GLMNET_9442_1064
0.006,0.006,0.006,nnd,BHBA_IR_FD_EMR.STAND_Cow.Yes_Breed.No_MilkME.Yes_AllWN_incl.HighCorr_noFeatExt_SMOTE200_pp.cs_GLMNET_9442_1064
0.582,0.569,0.596,youden,BHBA_IR_FD_EMR.STAND_Cow.Yes_Breed.No_MilkME.Yes_AllWN_incl.HighCorr_noFeatExt_SMOTE200_pp.cs_GLMNET_9442_1064
0.242,0.235,0.248,ppv,BHBA_IR_FD_EMR.STAND_Cow.Yes_Breed.No_MilkME.Yes_AllWN_incl.HighCorr_noFeatExt_SMOTE200_pp.cs_GLMNET_9442_1064
0.98,0.979,0.981,npv,BHBA_IR_FD_EMR.STAND_Cow.Yes_Breed.No_MilkME.Yes_AllWN_incl.HighCorr_noFeatExt_SMOTE200_pp.cs_GLMNET_9442_1064
4.777,4.675,4.882,plr,BHBA_IR_FD_EMR.STAND_Cow.Yes_Breed.No_MilkME.Yes_AllWN_incl.HighCorr_noFeatExt_SMOTE200_pp.cs_GLMNET_9442_1064
0.311,0.298,0.325,nlr,BHBA_IR_FD_EMR.STAND_Cow.Yes_Breed.No_MilkME.Yes_AllWN_incl.HighCorr_noFeatExt_SMOTE200_pp.cs_GLMNET_9442_1064
0.192,0.19,0.195,aprev,BHBA_IR_FD_EMR.STAND_Cow.Yes_Breed.No_MilkME.Yes_EMR212_incl.HighCorr_noFeatExt_SMOTE200_pp.cs_GLMNET_9442_217
0.062,0.061,0.064,tprev,BHBA_IR_FD_EMR.STAND_Cow.Yes_Breed.No_MilkME.Yes_EMR212_incl.HighCorr_noFeatExt_SMOTE200_pp.cs_GLMNET_9442_217
0.75,0.739,0.761,se,BHBA_IR_FD_EMR.STAND_Cow.Yes_Breed.No_MilkME.Yes_EMR212_incl.HighCorr_noFeatExt_SMOTE200_pp.cs_GLMNET_9442_217
0.845,0.842,0.847,sp,BHBA_IR_FD_EMR.STAND_Cow.Yes_Breed.No_MilkME.Yes_EMR212_incl.HighCorr_noFeatExt_SMOTE200_pp.cs_GLMNET_9442_217
0.839,0.837,0.841,diag.acc,BHBA_IR_FD_EMR.STAND_Cow.Yes_Breed.No_MilkME.Yes_EMR212_incl.HighCorr_noFeatExt_SMOTE200_pp.cs_GLMNET_9442_217
0.798,0.791,0.804,balanced.acc,BHBA_IR_FD_EMR.STAND_Cow.Yes_Breed.No_MilkME.Yes_EMR212_incl.HighCorr_noFeatExt_SMOTE200_pp.cs_GLMNET_9442_217
16.368,15.389,17.41,diag.or,BHBA_IR_FD_EMR.STAND_Cow.Yes_Breed.No_MilkME.Yes_EMR212_incl.HighCorr_noFeatExt_SMOTE200_pp.cs_GLMNET_9442_217
0.006,0.006,0.006,nnd,BHBA_IR_FD_EMR.STAND_Cow.Yes_Breed.No_MilkME.Yes_EMR212_incl.HighCorr_noFeatExt_SMOTE200_pp.cs_GLMNET_9442_217
0.595,0.582,0.609,youden,BHBA_IR_FD_EMR.STAND_Cow.Yes_Breed.No_MilkME.Yes_EMR212_incl.HighCorr_noFeatExt_SMOTE200_pp.cs_GLMNET_9442_217
0.244,0.238,0.25,ppv,BHBA_IR_FD_EMR.STAND_Cow.Yes_Breed.No_MilkME.Yes_EMR212_incl.HighCorr_noFeatExt_SMOTE200_pp.cs_GLMNET_9442_217
0.981,0.98,0.982,npv,BHBA_IR_FD_EMR.STAND_Cow.Yes_Breed.No_MilkME.Yes_EMR212_incl.HighCorr_noFeatExt_SMOTE200_pp.cs_GLMNET_9442_217
4.837,4.735,4.941,plr,BHBA_IR_FD_EMR.STAND_Cow.Yes_Breed.No_MilkME.Yes_EMR212_incl.HighCorr_noFeatExt_SMOTE200_pp.cs_GLMNET_9442_217
0.296,0.283,0.309,nlr,BHBA_IR_FD_EMR.STAND_Cow.Yes_Breed.No_MilkME.Yes_EMR212_incl.HighCorr_noFeatExt_SMOTE200_pp.cs_GLMNET_9442_217
0.185,0.182,0.187,aprev,BHBA_IR_FD_EMR.STAND_Cow.Yes_Breed.Yes_MilkME.No_AllWN_incl.HighCorr_noFeatExt_SMOTE200_pp.cs_GLMNET_9660_1064
0.063,0.061,0.064,tprev,BHBA_IR_FD_EMR.STAND_Cow.Yes_Breed.Yes_MilkME.No_AllWN_incl.HighCorr_noFeatExt_SMOTE200_pp.cs_GLMNET_9660_1064
0.729,0.718,0.74,se,BHBA_IR_FD_EMR.STAND_Cow.Yes_Breed.Yes_MilkME.No_AllWN_incl.HighCorr_noFeatExt_SMOTE200_pp.cs_GLMNET_9660_1064
0.851,0.849,0.854,sp,BHBA_IR_FD_EMR.STAND_Cow.Yes_Breed.Yes_MilkME.No_AllWN_incl.HighCorr_noFeatExt_SMOTE200_pp.cs_GLMNET_9660_1064
0.844,0.842,0.846,diag.acc,BHBA_IR_FD_EMR.STAND_Cow.Yes_Breed.Yes_MilkME.No_AllWN_incl.HighCorr_noFeatExt_SMOTE200_pp.cs_GLMNET_9660_1064
0.79,0.784,0.797,balanced.acc,BHBA_IR_FD_EMR.STAND_Cow.Yes_Breed.Yes_MilkME.No_AllWN_incl.HighCorr_noFeatExt_SMOTE200_pp.cs_GLMNET_9660_1064
15.445,14.55,16.394,diag.or,BHBA_IR_FD_EMR.STAND_Cow.Yes_Breed.Yes_MilkME.No_AllWN_incl.HighCorr_noFeatExt_SMOTE200_pp.cs_GLMNET_9660_1064
0.006,0.006,0.006,nnd,BHBA_IR_FD_EMR.STAND_Cow.Yes_Breed.Yes_MilkME.No_AllWN_incl.HighCorr_noFeatExt_SMOTE200_pp.cs_GLMNET_9660_1064
0.581,0.567,0.594,youden,BHBA_IR_FD_EMR.STAND_Cow.Yes_Breed.Yes_MilkME.No_AllWN_incl.HighCorr_noFeatExt_SMOTE200_pp.cs_GLMNET_9660_1064
0.247,0.24,0.253,ppv,BHBA_IR_FD_EMR.STAND_Cow.Yes_Breed.Yes_MilkME.No_AllWN_incl.HighCorr_noFeatExt_SMOTE200_pp.cs_GLMNET_9660_1064
0.979,0.978,0.98,npv,BHBA_IR_FD_EMR.STAND_Cow.Yes_Breed.Yes_MilkME.No_AllWN_incl.HighCorr_noFeatExt_SMOTE200_pp.cs_GLMNET_9660_1064
4.91,4.804,5.019,plr,BHBA_IR_FD_EMR.STAND_Cow.Yes_Breed.Yes_MilkME.No_AllWN_incl.HighCorr_noFeatExt_SMOTE200_pp.cs_GLMNET_9660_1064
0.318,0.305,0.331,nlr,BHBA_IR_FD_EMR.STAND_Cow.Yes_Breed.Yes_MilkME.No_AllWN_incl.HighCorr_noFeatExt_SMOTE200_pp.cs_GLMNET_9660_1064
0.177,0.175,0.18,aprev,BHBA_IR_FD_EMR.STAND_Cow.Yes_Breed.Yes_MilkME.No_EMR212_incl.HighCorr_noFeatExt_SMOTE200_pp.cs_GLMNET_9660_217
0.063,0.061,0.064,tprev,BHBA_IR_FD_EMR.STAND_Cow.Yes_Breed.Yes_MilkME.No_EMR212_incl.HighCorr_noFeatExt_SMOTE200_pp.cs_GLMNET_9660_217
0.725,0.713,0.736,se,BHBA_IR_FD_EMR.STAND_Cow.Yes_Breed.Yes_MilkME.No_EMR212_incl.HighCorr_noFeatExt_SMOTE200_pp.cs_GLMNET_9660_217
0.859,0.857,0.862,sp,BHBA_IR_FD_EMR.STAND_Cow.Yes_Breed.Yes_MilkME.No_EMR212_incl.HighCorr_noFeatExt_SMOTE200_pp.cs_GLMNET_9660_217
0.851,0.849,0.853,diag.acc,BHBA_IR_FD_EMR.STAND_Cow.Yes_Breed.Yes_MilkME.No_EMR212_incl.HighCorr_noFeatExt_SMOTE200_pp.cs_GLMNET_9660_217
0.792,0.785,0.799,balanced.acc,BHBA_IR_FD_EMR.STAND_Cow.Yes_Breed.Yes_MilkME.No_EMR212_incl.HighCorr_noFeatExt_SMOTE200_pp.cs_GLMNET_9660_217
16.083,15.154,17.069,diag.or,BHBA_IR_FD_EMR.STAND_Cow.Yes_Breed.Yes_MilkME.No_EMR212_incl.HighCorr_noFeatExt_SMOTE200_pp.cs_GLMNET_9660_217
0.006,0.006,0.006,nnd,BHBA_IR_FD_EMR.STAND_Cow.Yes_Breed.Yes_MilkME.No_EMR212_incl.HighCorr_noFeatExt_SMOTE200_pp.cs_GLMNET_9660_217
0.584,0.57,0.598,youden,BHBA_IR_FD_EMR.STAND_Cow.Yes_Breed.Yes_MilkME.No_EMR212_incl.HighCorr_noFeatExt_SMOTE200_pp.cs_GLMNET_9660_217
0.256,0.249,0.262,ppv,BHBA_IR_FD_EMR.STAND_Cow.Yes_Breed.Yes_MilkME.No_EMR212_incl.HighCorr_noFeatExt_SMOTE200_pp.cs_GLMNET_9660_217
0.979,0.978,0.98,npv,BHBA_IR_FD_EMR.STAND_Cow.Yes_Breed.Yes_MilkME.No_EMR212_incl.HighCorr_noFeatExt_SMOTE200_pp.cs_GLMNET_9660_217
5.15,5.036,5.267,plr,BHBA_IR_FD_EMR.STAND_Cow.Yes_Breed.Yes_MilkME.No_EMR212_incl.HighCorr_noFeatExt_SMOTE200_pp.cs_GLMNET_9660_217
0.32,0.307,0.334,nlr,BHBA_IR_FD_EMR.STAND_Cow.Yes_Breed.Yes_MilkME.No_EMR212_incl.HighCorr_noFeatExt_SMOTE200_pp.cs_GLMNET_9660_217
0.18,0.177,0.182,aprev,BHBA_IR_FD_EMR.STAND_Cow.Yes_Breed.Yes_MilkME.Yes_AllWN_incl.HighCorr_noFeatExt_SMOTE200_pp.cs_GLMNET_9442_1065
0.062,0.061,0.064,tprev,BHBA_IR_FD_EMR.STAND_Cow.Yes_Breed.Yes_MilkME.Yes_AllWN_incl.HighCorr_noFeatExt_SMOTE200_pp.cs_GLMNET_9442_1065
0.712,0.7,0.723,se,BHBA_IR_FD_EMR.STAND_Cow.Yes_Breed.Yes_MilkME.Yes_AllWN_incl.HighCorr_noFeatExt_SMOTE200_pp.cs_GLMNET_9442_1065
0.856,0.853,0.858,sp,BHBA_IR_FD_EMR.STAND_Cow.Yes_Breed.Yes_MilkME.Yes_AllWN_incl.HighCorr_noFeatExt_SMOTE200_pp.cs_GLMNET_9442_1065
0.847,0.844,0.849,diag.acc,BHBA_IR_FD_EMR.STAND_Cow.Yes_Breed.Yes_MilkME.Yes_AllWN_incl.HighCorr_noFeatExt_SMOTE200_pp.cs_GLMNET_9442_1065
0.784,0.777,0.791,balanced.acc,BHBA_IR_FD_EMR.STAND_Cow.Yes_Breed.Yes_MilkME.Yes_AllWN_incl.HighCorr_noFeatExt_SMOTE200_pp.cs_GLMNET_9442_1065
14.636,13.793,15.532,diag.or,BHBA_IR_FD_EMR.STAND_Cow.Yes_Breed.Yes_MilkME.Yes_AllWN_incl.HighCorr_noFeatExt_SMOTE200_pp.cs_GLMNET_9442_1065
0.006,0.006,0.006,nnd,BHBA_IR_FD_EMR.STAND_Cow.Yes_Breed.Yes_MilkME.Yes_AllWN_incl.HighCorr_noFeatExt_SMOTE200_pp.cs_GLMNET_9442_1065
0.567,0.553,0.581,youden,BHBA_IR_FD_EMR.STAND_Cow.Yes_Breed.Yes_MilkME.Yes_AllWN_incl.HighCorr_noFeatExt_SMOTE200_pp.cs_GLMNET_9442_1065
0.247,0.241,0.254,ppv,BHBA_IR_FD_EMR.STAND_Cow.Yes_Breed.Yes_MilkME.Yes_AllWN_incl.HighCorr_noFeatExt_SMOTE200_pp.cs_GLMNET_9442_1065
0.978,0.977,0.979,npv,BHBA_IR_FD_EMR.STAND_Cow.Yes_Breed.Yes_MilkME.Yes_AllWN_incl.HighCorr_noFeatExt_SMOTE200_pp.cs_GLMNET_9442_1065
4.929,4.818,5.043,plr,BHBA_IR_FD_EMR.STAND_Cow.Yes_Breed.Yes_MilkME.Yes_AllWN_incl.HighCorr_noFeatExt_SMOTE200_pp.cs_GLMNET_9442_1065
0.337,0.324,0.351,nlr,BHBA_IR_FD_EMR.STAND_Cow.Yes_Breed.Yes_MilkME.Yes_AllWN_incl.HighCorr_noFeatExt_SMOTE200_pp.cs_GLMNET_9442_1065
0.169,0.166,0.171,aprev,BHBA_IR_FD_EMR.STAND_Cow.Yes_Breed.Yes_MilkME.Yes_EMR212_incl.HighCorr_noFeatExt_SMOTE200_pp.cs_GLMNET_9442_218
0.062,0.061,0.064,tprev,BHBA_IR_FD_EMR.STAND_Cow.Yes_Breed.Yes_MilkME.Yes_EMR212_incl.HighCorr_noFeatExt_SMOTE200_pp.cs_GLMNET_9442_218
0.703,0.691,0.714,se,BHBA_IR_FD_EMR.STAND_Cow.Yes_Breed.Yes_MilkME.Yes_EMR212_incl.HighCorr_noFeatExt_SMOTE200_pp.cs_GLMNET_9442_218
0.867,0.865,0.869,sp,BHBA_IR_FD_EMR.STAND_Cow.Yes_Breed.Yes_MilkME.Yes_EMR212_incl.HighCorr_noFeatExt_SMOTE200_pp.cs_GLMNET_9442_218
0.857,0.854,0.859,diag.acc,BHBA_IR_FD_EMR.STAND_Cow.Yes_Breed.Yes_MilkME.Yes_EMR212_incl.HighCorr_noFeatExt_SMOTE200_pp.cs_GLMNET_9442_218
0.785,0.778,0.792,balanced.acc,BHBA_IR_FD_EMR.STAND_Cow.Yes_Breed.Yes_MilkME.Yes_EMR212_incl.HighCorr_noFeatExt_SMOTE200_pp.cs_GLMNET_9442_218
15.372,14.49,16.308,diag.or,BHBA_IR_FD_EMR.STAND_Cow.Yes_Breed.Yes_MilkME.Yes_EMR212_incl.HighCorr_noFeatExt_SMOTE200_pp.cs_GLMNET_9442_218
0.006,0.006,0.006,nnd,BHBA_IR_FD_EMR.STAND_Cow.Yes_Breed.Yes_MilkME.Yes_EMR212_incl.HighCorr_noFeatExt_SMOTE200_pp.cs_GLMNET_9442_218
0.569,0.555,0.583,youden,BHBA_IR_FD_EMR.STAND_Cow.Yes_Breed.Yes_MilkME.Yes_EMR212_incl.HighCorr_noFeatExt_SMOTE200_pp.cs_GLMNET_9442_218
0.26,0.253,0.267,ppv,BHBA_IR_FD_EMR.STAND_Cow.Yes_Breed.Yes_MilkME.Yes_EMR212_incl.HighCorr_noFeatExt_SMOTE200_pp.cs_GLMNET_9442_218
0.978,0.977,0.979,npv,BHBA_IR_FD_EMR.STAND_Cow.Yes_Breed.Yes_MilkME.Yes_EMR212_incl.HighCorr_noFeatExt_SMOTE200_pp.cs_GLMNET_9442_218
5.275,5.152,5.401,plr,BHBA_IR_FD_EMR.STAND_Cow.Yes_Breed.Yes_MilkME.Yes_EMR212_incl.HighCorr_noFeatExt_SMOTE200_pp.cs_GLMNET_9442_218
0.343,0.33,0.357,nlr,BHBA_IR_FD_EMR.STAND_Cow.Yes_Breed.Yes_MilkME.Yes_EMR212_incl.HighCorr_noFeatExt_SMOTE200_pp.cs_GLMNET_9442_218
0.198,0.195,0.2,aprev,BHBA_IR_SD.EMR_EMR.STAND_Cow.Yes_Breed.No_MilkME.No_AllWN_incl.HighCorr_noFeatExt_SMOTE200_pp.cs_GLMNET_9660_1056
0.063,0.061,0.064,tprev,BHBA_IR_SD.EMR_EMR.STAND_Cow.Yes_Breed.No_MilkME.No_AllWN_incl.HighCorr_noFeatExt_SMOTE200_pp.cs_GLMNET_9660_1056
0.753,0.742,0.764,se,BHBA_IR_SD.EMR_EMR.STAND_Cow.Yes_Breed.No_MilkME.No_AllWN_incl.HighCorr_noFeatExt_SMOTE200_pp.cs_GLMNET_9660_1056
0.839,0.837,0.842,sp,BHBA_IR_SD.EMR_EMR.STAND_Cow.Yes_Breed.No_MilkME.No_AllWN_incl.HighCorr_noFeatExt_SMOTE200_pp.cs_GLMNET_9660_1056
0.834,0.832,0.836,diag.acc,BHBA_IR_SD.EMR_EMR.STAND_Cow.Yes_Breed.No_MilkME.No_AllWN_incl.HighCorr_noFeatExt_SMOTE200_pp.cs_GLMNET_9660_1056
0.796,0.789,0.803,balanced.acc,BHBA_IR_SD.EMR_EMR.STAND_Cow.Yes_Breed.No_MilkME.No_AllWN_incl.HighCorr_noFeatExt_SMOTE200_pp.cs_GLMNET_9660_1056
15.935,14.99,16.939,diag.or,BHBA_IR_SD.EMR_EMR.STAND_Cow.Yes_Breed.No_MilkME.No_AllWN_incl.HighCorr_noFeatExt_SMOTE200_pp.cs_GLMNET_9660_1056
0.006,0.006,0.006,nnd,BHBA_IR_SD.EMR_EMR.STAND_Cow.Yes_Breed.No_MilkME.No_AllWN_incl.HighCorr_noFeatExt_SMOTE200_pp.cs_GLMNET_9660_1056
0.592,0.579,0.606,youden,BHBA_IR_SD.EMR_EMR.STAND_Cow.Yes_Breed.No_MilkME.No_AllWN_incl.HighCorr_noFeatExt_SMOTE200_pp.cs_GLMNET_9660_1056
0.238,0.232,0.244,ppv,BHBA_IR_SD.EMR_EMR.STAND_Cow.Yes_Breed.No_MilkME.No_AllWN_incl.HighCorr_noFeatExt_SMOTE200_pp.cs_GLMNET_9660_1056
0.981,0.98,0.982,npv,BHBA_IR_SD.EMR_EMR.STAND_Cow.Yes_Breed.No_MilkME.No_AllWN_incl.HighCorr_noFeatExt_SMOTE200_pp.cs_GLMNET_9660_1056
4.687,4.59,4.785,plr,BHBA_IR_SD.EMR_EMR.STAND_Cow.Yes_Breed.No_MilkME.No_AllWN_incl.HighCorr_noFeatExt_SMOTE200_pp.cs_GLMNET_9660_1056
0.294,0.281,0.307,nlr,BHBA_IR_SD.EMR_EMR.STAND_Cow.Yes_Breed.No_MilkME.No_AllWN_incl.HighCorr_noFeatExt_SMOTE200_pp.cs_GLMNET_9660_1056
0.191,0.188,0.193,aprev,BHBA_IR_SD.EMR_EMR.STAND_Cow.Yes_Breed.No_MilkME.No_EMR212_incl.HighCorr_noFeatExt_SMOTE200_pp.cs_GLMNET_9660_216
0.063,0.061,0.064,tprev,BHBA_IR_SD.EMR_EMR.STAND_Cow.Yes_Breed.No_MilkME.No_EMR212_incl.HighCorr_noFeatExt_SMOTE200_pp.cs_GLMNET_9660_216
0.753,0.742,0.764,se,BHBA_IR_SD.EMR_EMR.STAND_Cow.Yes_Breed.No_MilkME.No_EMR212_incl.HighCorr_noFeatExt_SMOTE200_pp.cs_GLMNET_9660_216
0.847,0.844,0.849,sp,BHBA_IR_SD.EMR_EMR.STAND_Cow.Yes_Breed.No_MilkME.No_EMR212_incl.HighCorr_noFeatExt_SMOTE200_pp.cs_GLMNET_9660_216
0.841,0.839,0.843,diag.acc,BHBA_IR_SD.EMR_EMR.STAND_Cow.Yes_Breed.No_MilkME.No_EMR212_incl.HighCorr_noFeatExt_SMOTE200_pp.cs_GLMNET_9660_216
0.8,0.793,0.807,balanced.acc,BHBA_IR_SD.EMR_EMR.STAND_Cow.Yes_Breed.No_MilkME.No_EMR212_incl.HighCorr_noFeatExt_SMOTE200_pp.cs_GLMNET_9660_216
16.849,15.849,17.913,diag.or,BHBA_IR_SD.EMR_EMR.STAND_Cow.Yes_Breed.No_MilkME.No_EMR212_incl.HighCorr_noFeatExt_SMOTE200_pp.cs_GLMNET_9660_216
0.006,0.006,0.006,nnd,BHBA_IR_SD.EMR_EMR.STAND_Cow.Yes_Breed.No_MilkME.No_EMR212_incl.HighCorr_noFeatExt_SMOTE200_pp.cs_GLMNET_9660_216
0.6,0.586,0.613,youden,BHBA_IR_SD.EMR_EMR.STAND_Cow.Yes_Breed.No_MilkME.No_EMR212_incl.HighCorr_noFeatExt_SMOTE200_pp.cs_GLMNET_9660_216
0.247,0.241,0.253,ppv,BHBA_IR_SD.EMR_EMR.STAND_Cow.Yes_Breed.No_MilkME.No_EMR212_incl.HighCorr_noFeatExt_SMOTE200_pp.cs_GLMNET_9660_216
0.981,0.98,0.982,npv,BHBA_IR_SD.EMR_EMR.STAND_Cow.Yes_Breed.No_MilkME.No_EMR212_incl.HighCorr_noFeatExt_SMOTE200_pp.cs_GLMNET_9660_216
4.912,4.81,5.017,plr,BHBA_IR_SD.EMR_EMR.STAND_Cow.Yes_Breed.No_MilkME.No_EMR212_incl.HighCorr_noFeatExt_SMOTE200_pp.cs_GLMNET_9660_216
0.292,0.279,0.305,nlr,BHBA_IR_SD.EMR_EMR.STAND_Cow.Yes_Breed.No_MilkME.No_EMR212_incl.HighCorr_noFeatExt_SMOTE200_pp.cs_GLMNET_9660_216
0.206,0.204,0.209,aprev,BHBA_IR_SD.EMR_EMR.STAND_Cow.Yes_Breed.No_MilkME.Yes_AllWN_incl.HighCorr_noFeatExt_SMOTE200_pp.cs_GLMNET_9442_1057
0.062,0.061,0.064,tprev,BHBA_IR_SD.EMR_EMR.STAND_Cow.Yes_Breed.No_MilkME.Yes_AllWN_incl.HighCorr_noFeatExt_SMOTE200_pp.cs_GLMNET_9442_1057
0.756,0.745,0.767,se,BHBA_IR_SD.EMR_EMR.STAND_Cow.Yes_Breed.No_MilkME.Yes_AllWN_incl.HighCorr_noFeatExt_SMOTE200_pp.cs_GLMNET_9442_1057
0.83,0.828,0.833,sp,BHBA_IR_SD.EMR_EMR.STAND_Cow.Yes_Breed.No_MilkME.Yes_AllWN_incl.HighCorr_noFeatExt_SMOTE200_pp.cs_GLMNET_9442_1057
0.826,0.823,0.828,diag.acc,BHBA_IR_SD.EMR_EMR.STAND_Cow.Yes_Breed.No_MilkME.Yes_AllWN_incl.HighCorr_noFeatExt_SMOTE200_pp.cs_GLMNET_9442_1057
0.793,0.786,0.8,balanced.acc,BHBA_IR_SD.EMR_EMR.STAND_Cow.Yes_Breed.No_MilkME.Yes_AllWN_incl.HighCorr_noFeatExt_SMOTE200_pp.cs_GLMNET_9442_1057
15.148,14.238,16.116,diag.or,BHBA_IR_SD.EMR_EMR.STAND_Cow.Yes_Breed.No_MilkME.Yes_AllWN_incl.HighCorr_noFeatExt_SMOTE200_pp.cs_GLMNET_9442_1057
0.006,0.006,0.006,nnd,BHBA_IR_SD.EMR_EMR.STAND_Cow.Yes_Breed.No_MilkME.Yes_AllWN_incl.HighCorr_noFeatExt_SMOTE200_pp.cs_GLMNET_9442_1057
0.586,0.573,0.6,youden,BHBA_IR_SD.EMR_EMR.STAND_Cow.Yes_Breed.No_MilkME.Yes_AllWN_incl.HighCorr_noFeatExt_SMOTE200_pp.cs_GLMNET_9442_1057
0.229,0.223,0.235,ppv,BHBA_IR_SD.EMR_EMR.STAND_Cow.Yes_Breed.No_MilkME.Yes_AllWN_incl.HighCorr_noFeatExt_SMOTE200_pp.cs_GLMNET_9442_1057
0.981,0.98,0.982,npv,BHBA_IR_SD.EMR_EMR.STAND_Cow.Yes_Breed.No_MilkME.Yes_AllWN_incl.HighCorr_noFeatExt_SMOTE200_pp.cs_GLMNET_9442_1057
4.453,4.362,4.545,plr,BHBA_IR_SD.EMR_EMR.STAND_Cow.Yes_Breed.No_MilkME.Yes_AllWN_incl.HighCorr_noFeatExt_SMOTE200_pp.cs_GLMNET_9442_1057
0.294,0.281,0.308,nlr,BHBA_IR_SD.EMR_EMR.STAND_Cow.Yes_Breed.No_MilkME.Yes_AllWN_incl.HighCorr_noFeatExt_SMOTE200_pp.cs_GLMNET_9442_1057
0.16,0.158,0.162,aprev,BHBA_IR_SD.EMR_EMR.STAND_Cow.Yes_Breed.No_MilkME.Yes_EMR212_incl.HighCorr_noFeatExt_SMOTE200_pp.cs_GLMNET_9442_217
0.062,0.061,0.064,tprev,BHBA_IR_SD.EMR_EMR.STAND_Cow.Yes_Breed.No_MilkME.Yes_EMR212_incl.HighCorr_noFeatExt_SMOTE200_pp.cs_GLMNET_9442_217
0.652,0.64,0.664,se,BHBA_IR_SD.EMR_EMR.STAND_Cow.Yes_Breed.No_MilkME.Yes_EMR212_incl.HighCorr_noFeatExt_SMOTE200_pp.cs_GLMNET_9442_217
0.873,0.871,0.875,sp,BHBA_IR_SD.EMR_EMR.STAND_Cow.Yes_Breed.No_MilkME.Yes_EMR212_incl.HighCorr_noFeatExt_SMOTE200_pp.cs_GLMNET_9442_217
0.859,0.857,0.861,diag.acc,BHBA_IR_SD.EMR_EMR.STAND_Cow.Yes_Breed.No_MilkME.Yes_EMR212_incl.HighCorr_noFeatExt_SMOTE200_pp.cs_GLMNET_9442_217
0.763,0.755,0.77,balanced.acc,BHBA_IR_SD.EMR_EMR.STAND_Cow.Yes_Breed.No_MilkME.Yes_EMR212_incl.HighCorr_noFeatExt_SMOTE200_pp.cs_GLMNET_9442_217
12.881,12.166,13.638,diag.or,BHBA_IR_SD.EMR_EMR.STAND_Cow.Yes_Breed.No_MilkME.Yes_EMR212_incl.HighCorr_noFeatExt_SMOTE200_pp.cs_GLMNET_9442_217
0.007,0.007,0.007,nnd,BHBA_IR_SD.EMR_EMR.STAND_Cow.Yes_Breed.No_MilkME.Yes_EMR212_incl.HighCorr_noFeatExt_SMOTE200_pp.cs_GLMNET_9442_217
0.525,0.511,0.539,youden,BHBA_IR_SD.EMR_EMR.STAND_Cow.Yes_Breed.No_MilkME.Yes_EMR212_incl.HighCorr_noFeatExt_SMOTE200_pp.cs_GLMNET_9442_217
0.255,0.248,0.262,ppv,BHBA_IR_SD.EMR_EMR.STAND_Cow.Yes_Breed.No_MilkME.Yes_EMR212_incl.HighCorr_noFeatExt_SMOTE200_pp.cs_GLMNET_9442_217
0.974,0.973,0.975,npv,BHBA_IR_SD.EMR_EMR.STAND_Cow.Yes_Breed.No_MilkME.Yes_EMR212_incl.HighCorr_noFeatExt_SMOTE200_pp.cs_GLMNET_9442_217
5.132,5.004,5.264,plr,BHBA_IR_SD.EMR_EMR.STAND_Cow.Yes_Breed.No_MilkME.Yes_EMR212_incl.HighCorr_noFeatExt_SMOTE200_pp.cs_GLMNET_9442_217
0.398,0.385,0.413,nlr,BHBA_IR_SD.EMR_EMR.STAND_Cow.Yes_Breed.No_MilkME.Yes_EMR212_incl.HighCorr_noFeatExt_SMOTE200_pp.cs_GLMNET_9442_217
0.2,0.198,0.203,aprev,BHBA_IR_SD.EMR_EMR.STAND_Cow.Yes_Breed.Yes_MilkME.No_AllWN_incl.HighCorr_noFeatExt_SMOTE200_pp.cs_GLMNET_9660_1057
0.063,0.061,0.064,tprev,BHBA_IR_SD.EMR_EMR.STAND_Cow.Yes_Breed.Yes_MilkME.No_AllWN_incl.HighCorr_noFeatExt_SMOTE200_pp.cs_GLMNET_9660_1057
0.752,0.741,0.763,se,BHBA_IR_SD.EMR_EMR.STAND_Cow.Yes_Breed.Yes_MilkME.No_AllWN_incl.HighCorr_noFeatExt_SMOTE200_pp.cs_GLMNET_9660_1057
0.836,0.834,0.839,sp,BHBA_IR_SD.EMR_EMR.STAND_Cow.Yes_Breed.Yes_MilkME.No_AllWN_incl.HighCorr_noFeatExt_SMOTE200_pp.cs_GLMNET_9660_1057
0.831,0.829,0.833,diag.acc,BHBA_IR_SD.EMR_EMR.STAND_Cow.Yes_Breed.Yes_MilkME.No_AllWN_incl.HighCorr_noFeatExt_SMOTE200_pp.cs_GLMNET_9660_1057
0.794,0.788,0.801,balanced.acc,BHBA_IR_SD.EMR_EMR.STAND_Cow.Yes_Breed.Yes_MilkME.No_AllWN_incl.HighCorr_noFeatExt_SMOTE200_pp.cs_GLMNET_9660_1057
15.516,14.598,16.492,diag.or,BHBA_IR_SD.EMR_EMR.STAND_Cow.Yes_Breed.Yes_MilkME.No_AllWN_incl.HighCorr_noFeatExt_SMOTE200_pp.cs_GLMNET_9660_1057
0.006,0.006,0.006,nnd,BHBA_IR_SD.EMR_EMR.STAND_Cow.Yes_Breed.Yes_MilkME.No_AllWN_incl.HighCorr_noFeatExt_SMOTE200_pp.cs_GLMNET_9660_1057
0.589,0.575,0.602,youden,BHBA_IR_SD.EMR_EMR.STAND_Cow.Yes_Breed.Yes_MilkME.No_AllWN_incl.HighCorr_noFeatExt_SMOTE200_pp.cs_GLMNET_9660_1057
0.235,0.229,0.241,ppv,BHBA_IR_SD.EMR_EMR.STAND_Cow.Yes_Breed.Yes_MilkME.No_AllWN_incl.HighCorr_noFeatExt_SMOTE200_pp.cs_GLMNET_9660_1057
0.981,0.98,0.982,npv,BHBA_IR_SD.EMR_EMR.STAND_Cow.Yes_Breed.Yes_MilkME.No_AllWN_incl.HighCorr_noFeatExt_SMOTE200_pp.cs_GLMNET_9660_1057
4.598,4.504,4.694,plr,BHBA_IR_SD.EMR_EMR.STAND_Cow.Yes_Breed.Yes_MilkME.No_AllWN_incl.HighCorr_noFeatExt_SMOTE200_pp.cs_GLMNET_9660_1057
0.296,0.284,0.31,nlr,BHBA_IR_SD.EMR_EMR.STAND_Cow.Yes_Breed.Yes_MilkME.No_AllWN_incl.HighCorr_noFeatExt_SMOTE200_pp.cs_GLMNET_9660_1057
0.182,0.18,0.185,aprev,BHBA_IR_SD.EMR_EMR.STAND_Cow.Yes_Breed.Yes_MilkME.No_EMR212_incl.HighCorr_noFeatExt_SMOTE200_pp.cs_GLMNET_9660_217
0.063,0.061,0.064,tprev,BHBA_IR_SD.EMR_EMR.STAND_Cow.Yes_Breed.Yes_MilkME.No_EMR212_incl.HighCorr_noFeatExt_SMOTE200_pp.cs_GLMNET_9660_217
0.736,0.724,0.747,se,BHBA_IR_SD.EMR_EMR.STAND_Cow.Yes_Breed.Yes_MilkME.No_EMR212_incl.HighCorr_noFeatExt_SMOTE200_pp.cs_GLMNET_9660_217
0.855,0.852,0.857,sp,BHBA_IR_SD.EMR_EMR.STAND_Cow.Yes_Breed.Yes_MilkME.No_EMR212_incl.HighCorr_noFeatExt_SMOTE200_pp.cs_GLMNET_9660_217
0.847,0.845,0.85,diag.acc,BHBA_IR_SD.EMR_EMR.STAND_Cow.Yes_Breed.Yes_MilkME.No_EMR212_incl.HighCorr_noFeatExt_SMOTE200_pp.cs_GLMNET_9660_217
0.795,0.788,0.802,balanced.acc,BHBA_IR_SD.EMR_EMR.STAND_Cow.Yes_Breed.Yes_MilkME.No_EMR212_incl.HighCorr_noFeatExt_SMOTE200_pp.cs_GLMNET_9660_217
16.38,15.424,17.394,diag.or,BHBA_IR_SD.EMR_EMR.STAND_Cow.Yes_Breed.Yes_MilkME.No_EMR212_incl.HighCorr_noFeatExt_SMOTE200_pp.cs_GLMNET_9660_217
0.006,0.006,0.006,nnd,BHBA_IR_SD.EMR_EMR.STAND_Cow.Yes_Breed.Yes_MilkME.No_EMR212_incl.HighCorr_noFeatExt_SMOTE200_pp.cs_GLMNET_9660_217
0.59,0.577,0.604,youden,BHBA_IR_SD.EMR_EMR.STAND_Cow.Yes_Breed.Yes_MilkME.No_EMR212_incl.HighCorr_noFeatExt_SMOTE200_pp.cs_GLMNET_9660_217
0.252,0.246,0.259,ppv,BHBA_IR_SD.EMR_EMR.STAND_Cow.Yes_Breed.Yes_MilkME.No_EMR212_incl.HighCorr_noFeatExt_SMOTE200_pp.cs_GLMNET_9660_217
0.98,0.979,0.981,npv,BHBA_IR_SD.EMR_EMR.STAND_Cow.Yes_Breed.Yes_MilkME.No_EMR212_incl.HighCorr_noFeatExt_SMOTE200_pp.cs_GLMNET_9660_217
5.064,4.954,5.176,plr,BHBA_IR_SD.EMR_EMR.STAND_Cow.Yes_Breed.Yes_MilkME.No_EMR212_incl.HighCorr_noFeatExt_SMOTE200_pp.cs_GLMNET_9660_217
0.309,0.296,0.322,nlr,BHBA_IR_SD.EMR_EMR.STAND_Cow.Yes_Breed.Yes_MilkME.No_EMR212_incl.HighCorr_noFeatExt_SMOTE200_pp.cs_GLMNET_9660_217
0.192,0.189,0.194,aprev,BHBA_IR_SD.EMR_EMR.STAND_Cow.Yes_Breed.Yes_MilkME.Yes_AllWN_incl.HighCorr_noFeatExt_SMOTE200_pp.cs_GLMNET_9442_1058
0.062,0.061,0.064,tprev,BHBA_IR_SD.EMR_EMR.STAND_Cow.Yes_Breed.Yes_MilkME.Yes_AllWN_incl.HighCorr_noFeatExt_SMOTE200_pp.cs_GLMNET_9442_1058
0.733,0.722,0.744,se,BHBA_IR_SD.EMR_EMR.STAND_Cow.Yes_Breed.Yes_MilkME.Yes_AllWN_incl.HighCorr_noFeatExt_SMOTE200_pp.cs_GLMNET_9442_1058
0.844,0.842,0.847,sp,BHBA_IR_SD.EMR_EMR.STAND_Cow.Yes_Breed.Yes_MilkME.Yes_AllWN_incl.HighCorr_noFeatExt_SMOTE200_pp.cs_GLMNET_9442_1058
0.837,0.835,0.84,diag.acc,BHBA_IR_SD.EMR_EMR.STAND_Cow.Yes_Breed.Yes_MilkME.Yes_AllWN_incl.HighCorr_noFeatExt_SMOTE200_pp.cs_GLMNET_9442_1058
0.789,0.782,0.795,balanced.acc,BHBA_IR_SD.EMR_EMR.STAND_Cow.Yes_Breed.Yes_MilkME.Yes_AllWN_incl.HighCorr_noFeatExt_SMOTE200_pp.cs_GLMNET_9442_1058
14.891,14.017,15.82,diag.or,BHBA_IR_SD.EMR_EMR.STAND_Cow.Yes_Breed.Yes_MilkME.Yes_AllWN_incl.HighCorr_noFeatExt_SMOTE200_pp.cs_GLMNET_9442_1058
0.006,0.006,0.006,nnd,BHBA_IR_SD.EMR_EMR.STAND_Cow.Yes_Breed.Yes_MilkME.Yes_AllWN_incl.HighCorr_noFeatExt_SMOTE200_pp.cs_GLMNET_9442_1058
0.577,0.563,0.591,youden,BHBA_IR_SD.EMR_EMR.STAND_Cow.Yes_Breed.Yes_MilkME.Yes_AllWN_incl.HighCorr_noFeatExt_SMOTE200_pp.cs_GLMNET_9442_1058
0.239,0.233,0.245,ppv,BHBA_IR_SD.EMR_EMR.STAND_Cow.Yes_Breed.Yes_MilkME.Yes_AllWN_incl.HighCorr_noFeatExt_SMOTE200_pp.cs_GLMNET_9442_1058
0.979,0.978,0.98,npv,BHBA_IR_SD.EMR_EMR.STAND_Cow.Yes_Breed.Yes_MilkME.Yes_AllWN_incl.HighCorr_noFeatExt_SMOTE200_pp.cs_GLMNET_9442_1058
4.708,4.607,4.812,plr,BHBA_IR_SD.EMR_EMR.STAND_Cow.Yes_Breed.Yes_MilkME.Yes_AllWN_incl.HighCorr_noFeatExt_SMOTE200_pp.cs_GLMNET_9442_1058
0.316,0.303,0.33,nlr,BHBA_IR_SD.EMR_EMR.STAND_Cow.Yes_Breed.Yes_MilkME.Yes_AllWN_incl.HighCorr_noFeatExt_SMOTE200_pp.cs_GLMNET_9442_1058
0.174,0.171,0.176,aprev,BHBA_IR_SD.EMR_EMR.STAND_Cow.Yes_Breed.Yes_MilkME.Yes_EMR212_incl.HighCorr_noFeatExt_SMOTE200_pp.cs_GLMNET_9442_218
0.062,0.061,0.064,tprev,BHBA_IR_SD.EMR_EMR.STAND_Cow.Yes_Breed.Yes_MilkME.Yes_EMR212_incl.HighCorr_noFeatExt_SMOTE200_pp.cs_GLMNET_9442_218
0.706,0.694,0.718,se,BHBA_IR_SD.EMR_EMR.STAND_Cow.Yes_Breed.Yes_MilkME.Yes_EMR212_incl.HighCorr_noFeatExt_SMOTE200_pp.cs_GLMNET_9442_218
0.862,0.859,0.864,sp,BHBA_IR_SD.EMR_EMR.STAND_Cow.Yes_Breed.Yes_MilkME.Yes_EMR212_incl.HighCorr_noFeatExt_SMOTE200_pp.cs_GLMNET_9442_218
0.852,0.85,0.854,diag.acc,BHBA_IR_SD.EMR_EMR.STAND_Cow.Yes_Breed.Yes_MilkME.Yes_EMR212_incl.HighCorr_noFeatExt_SMOTE200_pp.cs_GLMNET_9442_218
0.784,0.777,0.791,balanced.acc,BHBA_IR_SD.EMR_EMR.STAND_Cow.Yes_Breed.Yes_MilkME.Yes_EMR212_incl.HighCorr_noFeatExt_SMOTE200_pp.cs_GLMNET_9442_218
14.971,14.11,15.883,diag.or,BHBA_IR_SD.EMR_EMR.STAND_Cow.Yes_Breed.Yes_MilkME.Yes_EMR212_incl.HighCorr_noFeatExt_SMOTE200_pp.cs_GLMNET_9442_218
0.006,0.006,0.006,nnd,BHBA_IR_SD.EMR_EMR.STAND_Cow.Yes_Breed.Yes_MilkME.Yes_EMR212_incl.HighCorr_noFeatExt_SMOTE200_pp.cs_GLMNET_9442_218
0.568,0.554,0.582,youden,BHBA_IR_SD.EMR_EMR.STAND_Cow.Yes_Breed.Yes_MilkME.Yes_EMR212_incl.HighCorr_noFeatExt_SMOTE200_pp.cs_GLMNET_9442_218
0.254,0.247,0.261,ppv,BHBA_IR_SD.EMR_EMR.STAND_Cow.Yes_Breed.Yes_MilkME.Yes_EMR212_incl.HighCorr_noFeatExt_SMOTE200_pp.cs_GLMNET_9442_218
0.978,0.977,0.979,npv,BHBA_IR_SD.EMR_EMR.STAND_Cow.Yes_Breed.Yes_MilkME.Yes_EMR212_incl.HighCorr_noFeatExt_SMOTE200_pp.cs_GLMNET_9442_218
5.104,4.986,5.224,plr,BHBA_IR_SD.EMR_EMR.STAND_Cow.Yes_Breed.Yes_MilkME.Yes_EMR212_incl.HighCorr_noFeatExt_SMOTE200_pp.cs_GLMNET_9442_218
0.341,0.328,0.355,nlr,BHBA_IR_SD.EMR_EMR.STAND_Cow.Yes_Breed.Yes_MilkME.Yes_EMR212_incl.HighCorr_noFeatExt_SMOTE200_pp.cs_GLMNET_9442_218
0.193,0.191,0.196,aprev,BHBA_IR_SD_EMR.STAND_Cow.Yes_Breed.No_MilkME.No_AllWN_incl.HighCorr_noFeatExt_SMOTE200_pp.cs_GLMNET_9660_1062
0.063,0.061,0.064,tprev,BHBA_IR_SD_EMR.STAND_Cow.Yes_Breed.No_MilkME.No_AllWN_incl.HighCorr_noFeatExt_SMOTE200_pp.cs_GLMNET_9660_1062
0.733,0.722,0.744,se,BHBA_IR_SD_EMR.STAND_Cow.Yes_Breed.No_MilkME.No_AllWN_incl.HighCorr_noFeatExt_SMOTE200_pp.cs_GLMNET_9660_1062
0.843,0.84,0.845,sp,BHBA_IR_SD_EMR.STAND_Cow.Yes_Breed.No_MilkME.No_AllWN_incl.HighCorr_noFeatExt_SMOTE200_pp.cs_GLMNET_9660_1062
0.836,0.833,0.838,diag.acc,BHBA_IR_SD_EMR.STAND_Cow.Yes_Breed.No_MilkME.No_AllWN_incl.HighCorr_noFeatExt_SMOTE200_pp.cs_GLMNET_9660_1062
0.788,0.781,0.795,balanced.acc,BHBA_IR_SD_EMR.STAND_Cow.Yes_Breed.No_MilkME.No_AllWN_incl.HighCorr_noFeatExt_SMOTE200_pp.cs_GLMNET_9660_1062
14.721,13.867,15.628,diag.or,BHBA_IR_SD_EMR.STAND_Cow.Yes_Breed.No_MilkME.No_AllWN_incl.HighCorr_noFeatExt_SMOTE200_pp.cs_GLMNET_9660_1062
0.006,0.006,0.006,nnd,BHBA_IR_SD_EMR.STAND_Cow.Yes_Breed.No_MilkME.No_AllWN_incl.HighCorr_noFeatExt_SMOTE200_pp.cs_GLMNET_9660_1062
0.576,0.562,0.589,youden,BHBA_IR_SD_EMR.STAND_Cow.Yes_Breed.No_MilkME.No_AllWN_incl.HighCorr_noFeatExt_SMOTE200_pp.cs_GLMNET_9660_1062
0.237,0.231,0.243,ppv,BHBA_IR_SD_EMR.STAND_Cow.Yes_Breed.No_MilkME.No_AllWN_incl.HighCorr_noFeatExt_SMOTE200_pp.cs_GLMNET_9660_1062
0.979,0.978,0.98,npv,BHBA_IR_SD_EMR.STAND_Cow.Yes_Breed.No_MilkME.No_AllWN_incl.HighCorr_noFeatExt_SMOTE200_pp.cs_GLMNET_9660_1062
4.66,4.561,4.761,plr,BHBA_IR_SD_EMR.STAND_Cow.Yes_Breed.No_MilkME.No_AllWN_incl.HighCorr_noFeatExt_SMOTE200_pp.cs_GLMNET_9660_1062
0.317,0.304,0.33,nlr,BHBA_IR_SD_EMR.STAND_Cow.Yes_Breed.No_MilkME.No_AllWN_incl.HighCorr_noFeatExt_SMOTE200_pp.cs_GLMNET_9660_1062
0.196,0.193,0.198,aprev,BHBA_IR_SD_EMR.STAND_Cow.Yes_Breed.No_MilkME.No_EMR212_incl.HighCorr_noFeatExt_SMOTE200_pp.cs_GLMNET_9660_216
0.063,0.061,0.064,tprev,BHBA_IR_SD_EMR.STAND_Cow.Yes_Breed.No_MilkME.No_EMR212_incl.HighCorr_noFeatExt_SMOTE200_pp.cs_GLMNET_9660_216
0.753,0.742,0.764,se,BHBA_IR_SD_EMR.STAND_Cow.Yes_Breed.No_MilkME.No_EMR212_incl.HighCorr_noFeatExt_SMOTE200_pp.cs_GLMNET_9660_216
0.842,0.839,0.844,sp,BHBA_IR_SD_EMR.STAND_Cow.Yes_Breed.No_MilkME.No_EMR212_incl.HighCorr_noFeatExt_SMOTE200_pp.cs_GLMNET_9660_216
0.836,0.834,0.838,diag.acc,BHBA_IR_SD_EMR.STAND_Cow.Yes_Breed.No_MilkME.No_EMR212_incl.HighCorr_noFeatExt_SMOTE200_pp.cs_GLMNET_9660_216
0.798,0.791,0.804,balanced.acc,BHBA_IR_SD_EMR.STAND_Cow.Yes_Breed.No_MilkME.No_EMR212_incl.HighCorr_noFeatExt_SMOTE200_pp.cs_GLMNET_9660_216
16.237,15.274,17.262,diag.or,BHBA_IR_SD_EMR.STAND_Cow.Yes_Breed.No_MilkME.No_EMR212_incl.HighCorr_noFeatExt_SMOTE200_pp.cs_GLMNET_9660_216
0.006,0.006,0.006,nnd,BHBA_IR_SD_EMR.STAND_Cow.Yes_Breed.No_MilkME.No_EMR212_incl.HighCorr_noFeatExt_SMOTE200_pp.cs_GLMNET_9660_216
0.595,0.582,0.608,youden,BHBA_IR_SD_EMR.STAND_Cow.Yes_Breed.No_MilkME.No_EMR212_incl.HighCorr_noFeatExt_SMOTE200_pp.cs_GLMNET_9660_216
0.241,0.235,0.247,ppv,BHBA_IR_SD_EMR.STAND_Cow.Yes_Breed.No_MilkME.No_EMR212_incl.HighCorr_noFeatExt_SMOTE200_pp.cs_GLMNET_9660_216
0.981,0.98,0.982,npv,BHBA_IR_SD_EMR.STAND_Cow.Yes_Breed.No_MilkME.No_EMR212_incl.HighCorr_noFeatExt_SMOTE200_pp.cs_GLMNET_9660_216
4.756,4.658,4.856,plr,BHBA_IR_SD_EMR.STAND_Cow.Yes_Breed.No_MilkME.No_EMR212_incl.HighCorr_noFeatExt_SMOTE200_pp.cs_GLMNET_9660_216
0.293,0.28,0.306,nlr,BHBA_IR_SD_EMR.STAND_Cow.Yes_Breed.No_MilkME.No_EMR212_incl.HighCorr_noFeatExt_SMOTE200_pp.cs_GLMNET_9660_216
0.199,0.196,0.201,aprev,BHBA_IR_SD_EMR.STAND_Cow.Yes_Breed.No_MilkME.Yes_AllWN_incl.HighCorr_noFeatExt_SMOTE200_pp.cs_GLMNET_9442_1063
0.062,0.061,0.064,tprev,BHBA_IR_SD_EMR.STAND_Cow.Yes_Breed.No_MilkME.Yes_AllWN_incl.HighCorr_noFeatExt_SMOTE200_pp.cs_GLMNET_9442_1063
0.721,0.71,0.733,se,BHBA_IR_SD_EMR.STAND_Cow.Yes_Breed.No_MilkME.Yes_AllWN_incl.HighCorr_noFeatExt_SMOTE200_pp.cs_GLMNET_9442_1063
0.836,0.834,0.839,sp,BHBA_IR_SD_EMR.STAND_Cow.Yes_Breed.No_MilkME.Yes_AllWN_incl.HighCorr_noFeatExt_SMOTE200_pp.cs_GLMNET_9442_1063
0.829,0.827,0.832,diag.acc,BHBA_IR_SD_EMR.STAND_Cow.Yes_Breed.No_MilkME.Yes_AllWN_incl.HighCorr_noFeatExt_SMOTE200_pp.cs_GLMNET_9442_1063
0.779,0.772,0.786,balanced.acc,BHBA_IR_SD_EMR.STAND_Cow.Yes_Breed.No_MilkME.Yes_AllWN_incl.HighCorr_noFeatExt_SMOTE200_pp.cs_GLMNET_9442_1063
13.224,12.459,14.037,diag.or,BHBA_IR_SD_EMR.STAND_Cow.Yes_Breed.No_MilkME.Yes_AllWN_incl.HighCorr_noFeatExt_SMOTE200_pp.cs_GLMNET_9442_1063
0.006,0.006,0.007,nnd,BHBA_IR_SD_EMR.STAND_Cow.Yes_Breed.No_MilkME.Yes_AllWN_incl.HighCorr_noFeatExt_SMOTE200_pp.cs_GLMNET_9442_1063
0.558,0.544,0.571,youden,BHBA_IR_SD_EMR.STAND_Cow.Yes_Breed.No_MilkME.Yes_AllWN_incl.HighCorr_noFeatExt_SMOTE200_pp.cs_GLMNET_9442_1063
0.227,0.221,0.233,ppv,BHBA_IR_SD_EMR.STAND_Cow.Yes_Breed.No_MilkME.Yes_AllWN_incl.HighCorr_noFeatExt_SMOTE200_pp.cs_GLMNET_9442_1063
0.978,0.977,0.979,npv,BHBA_IR_SD_EMR.STAND_Cow.Yes_Breed.No_MilkME.Yes_AllWN_incl.HighCorr_noFeatExt_SMOTE200_pp.cs_GLMNET_9442_1063
4.406,4.311,4.503,plr,BHBA_IR_SD_EMR.STAND_Cow.Yes_Breed.No_MilkME.Yes_AllWN_incl.HighCorr_noFeatExt_SMOTE200_pp.cs_GLMNET_9442_1063
0.333,0.32,0.347,nlr,BHBA_IR_SD_EMR.STAND_Cow.Yes_Breed.No_MilkME.Yes_AllWN_incl.HighCorr_noFeatExt_SMOTE200_pp.cs_GLMNET_9442_1063
0.192,0.189,0.194,aprev,BHBA_IR_SD_EMR.STAND_Cow.Yes_Breed.No_MilkME.Yes_EMR212_incl.HighCorr_noFeatExt_SMOTE200_pp.cs_GLMNET_9442_217
0.062,0.061,0.064,tprev,BHBA_IR_SD_EMR.STAND_Cow.Yes_Breed.No_MilkME.Yes_EMR212_incl.HighCorr_noFeatExt_SMOTE200_pp.cs_GLMNET_9442_217
0.746,0.735,0.758,se,BHBA_IR_SD_EMR.STAND_Cow.Yes_Breed.No_MilkME.Yes_EMR212_incl.HighCorr_noFeatExt_SMOTE200_pp.cs_GLMNET_9442_217
0.845,0.843,0.848,sp,BHBA_IR_SD_EMR.STAND_Cow.Yes_Breed.No_MilkME.Yes_EMR212_incl.HighCorr_noFeatExt_SMOTE200_pp.cs_GLMNET_9442_217
0.839,0.837,0.841,diag.acc,BHBA_IR_SD_EMR.STAND_Cow.Yes_Breed.No_MilkME.Yes_EMR212_incl.HighCorr_noFeatExt_SMOTE200_pp.cs_GLMNET_9442_217
0.796,0.789,0.803,balanced.acc,BHBA_IR_SD_EMR.STAND_Cow.Yes_Breed.No_MilkME.Yes_EMR212_incl.HighCorr_noFeatExt_SMOTE200_pp.cs_GLMNET_9442_217
16.084,15.126,17.103,diag.or,BHBA_IR_SD_EMR.STAND_Cow.Yes_Breed.No_MilkME.Yes_EMR212_incl.HighCorr_noFeatExt_SMOTE200_pp.cs_GLMNET_9442_217
0.006,0.006,0.006,nnd,BHBA_IR_SD_EMR.STAND_Cow.Yes_Breed.No_MilkME.Yes_EMR212_incl.HighCorr_noFeatExt_SMOTE200_pp.cs_GLMNET_9442_217
0.592,0.578,0.605,youden,BHBA_IR_SD_EMR.STAND_Cow.Yes_Breed.No_MilkME.Yes_EMR212_incl.HighCorr_noFeatExt_SMOTE200_pp.cs_GLMNET_9442_217
0.243,0.237,0.25,ppv,BHBA_IR_SD_EMR.STAND_Cow.Yes_Breed.No_MilkME.Yes_EMR212_incl.HighCorr_noFeatExt_SMOTE200_pp.cs_GLMNET_9442_217
0.98,0.979,0.981,npv,BHBA_IR_SD_EMR.STAND_Cow.Yes_Breed.No_MilkME.Yes_EMR212_incl.HighCorr_noFeatExt_SMOTE200_pp.cs_GLMNET_9442_217
4.825,4.723,4.929,plr,BHBA_IR_SD_EMR.STAND_Cow.Yes_Breed.No_MilkME.Yes_EMR212_incl.HighCorr_noFeatExt_SMOTE200_pp.cs_GLMNET_9442_217
0.3,0.287,0.313,nlr,BHBA_IR_SD_EMR.STAND_Cow.Yes_Breed.No_MilkME.Yes_EMR212_incl.HighCorr_noFeatExt_SMOTE200_pp.cs_GLMNET_9442_217
0.186,0.184,0.188,aprev,BHBA_IR_SD_EMR.STAND_Cow.Yes_Breed.Yes_MilkME.No_AllWN_incl.HighCorr_noFeatExt_SMOTE200_pp.cs_GLMNET_9660_1063
0.063,0.061,0.064,tprev,BHBA_IR_SD_EMR.STAND_Cow.Yes_Breed.Yes_MilkME.No_AllWN_incl.HighCorr_noFeatExt_SMOTE200_pp.cs_GLMNET_9660_1063
0.709,0.698,0.721,se,BHBA_IR_SD_EMR.STAND_Cow.Yes_Breed.Yes_MilkME.No_AllWN_incl.HighCorr_noFeatExt_SMOTE200_pp.cs_GLMNET_9660_1063
0.849,0.847,0.851,sp,BHBA_IR_SD_EMR.STAND_Cow.Yes_Breed.Yes_MilkME.No_AllWN_incl.HighCorr_noFeatExt_SMOTE200_pp.cs_GLMNET_9660_1063
0.84,0.838,0.843,diag.acc,BHBA_IR_SD_EMR.STAND_Cow.Yes_Breed.Yes_MilkME.No_AllWN_incl.HighCorr_noFeatExt_SMOTE200_pp.cs_GLMNET_9660_1063
0.779,0.772,0.786,balanced.acc,BHBA_IR_SD_EMR.STAND_Cow.Yes_Breed.Yes_MilkME.No_AllWN_incl.HighCorr_noFeatExt_SMOTE200_pp.cs_GLMNET_9660_1063
13.721,12.942,14.547,diag.or,BHBA_IR_SD_EMR.STAND_Cow.Yes_Breed.Yes_MilkME.No_AllWN_incl.HighCorr_noFeatExt_SMOTE200_pp.cs_GLMNET_9660_1063
0.006,0.006,0.007,nnd,BHBA_IR_SD_EMR.STAND_Cow.Yes_Breed.Yes_MilkME.No_AllWN_incl.HighCorr_noFeatExt_SMOTE200_pp.cs_GLMNET_9660_1063
0.558,0.544,0.572,youden,BHBA_IR_SD_EMR.STAND_Cow.Yes_Breed.Yes_MilkME.No_AllWN_incl.HighCorr_noFeatExt_SMOTE200_pp.cs_GLMNET_9660_1063
0.239,0.232,0.245,ppv,BHBA_IR_SD_EMR.STAND_Cow.Yes_Breed.Yes_MilkME.No_AllWN_incl.HighCorr_noFeatExt_SMOTE200_pp.cs_GLMNET_9660_1063
0.978,0.977,0.979,npv,BHBA_IR_SD_EMR.STAND_Cow.Yes_Breed.Yes_MilkME.No_AllWN_incl.HighCorr_noFeatExt_SMOTE200_pp.cs_GLMNET_9660_1063
4.696,4.593,4.802,plr,BHBA_IR_SD_EMR.STAND_Cow.Yes_Breed.Yes_MilkME.No_AllWN_incl.HighCorr_noFeatExt_SMOTE200_pp.cs_GLMNET_9660_1063
0.342,0.329,0.356,nlr,BHBA_IR_SD_EMR.STAND_Cow.Yes_Breed.Yes_MilkME.No_AllWN_incl.HighCorr_noFeatExt_SMOTE200_pp.cs_GLMNET_9660_1063
0.183,0.181,0.186,aprev,BHBA_IR_SD_EMR.STAND_Cow.Yes_Breed.Yes_MilkME.No_EMR212_incl.HighCorr_noFeatExt_SMOTE200_pp.cs_GLMNET_9660_217
0.063,0.061,0.064,tprev,BHBA_IR_SD_EMR.STAND_Cow.Yes_Breed.Yes_MilkME.No_EMR212_incl.HighCorr_noFeatExt_SMOTE200_pp.cs_GLMNET_9660_217
0.734,0.723,0.746,se,BHBA_IR_SD_EMR.STAND_Cow.Yes_Breed.Yes_MilkME.No_EMR212_incl.HighCorr_noFeatExt_SMOTE200_pp.cs_GLMNET_9660_217
0.853,0.851,0.856,sp,BHBA_IR_SD_EMR.STAND_Cow.Yes_Breed.Yes_MilkME.No_EMR212_incl.HighCorr_noFeatExt_SMOTE200_pp.cs_GLMNET_9660_217
0.846,0.844,0.848,diag.acc,BHBA_IR_SD_EMR.STAND_Cow.Yes_Breed.Yes_MilkME.No_EMR212_incl.HighCorr_noFeatExt_SMOTE200_pp.cs_GLMNET_9660_217
0.794,0.787,0.801,balanced.acc,BHBA_IR_SD_EMR.STAND_Cow.Yes_Breed.Yes_MilkME.No_EMR212_incl.HighCorr_noFeatExt_SMOTE200_pp.cs_GLMNET_9660_217
16.084,15.147,17.078,diag.or,BHBA_IR_SD_EMR.STAND_Cow.Yes_Breed.Yes_MilkME.No_EMR212_incl.HighCorr_noFeatExt_SMOTE200_pp.cs_GLMNET_9660_217
0.006,0.006,0.006,nnd,BHBA_IR_SD_EMR.STAND_Cow.Yes_Breed.Yes_MilkME.No_EMR212_incl.HighCorr_noFeatExt_SMOTE200_pp.cs_GLMNET_9660_217
0.588,0.574,0.601,youden,BHBA_IR_SD_EMR.STAND_Cow.Yes_Breed.Yes_MilkME.No_EMR212_incl.HighCorr_noFeatExt_SMOTE200_pp.cs_GLMNET_9660_217
0.25,0.244,0.257,ppv,BHBA_IR_SD_EMR.STAND_Cow.Yes_Breed.Yes_MilkME.No_EMR212_incl.HighCorr_noFeatExt_SMOTE200_pp.cs_GLMNET_9660_217
0.98,0.979,0.981,npv,BHBA_IR_SD_EMR.STAND_Cow.Yes_Breed.Yes_MilkME.No_EMR212_incl.HighCorr_noFeatExt_SMOTE200_pp.cs_GLMNET_9660_217
5.006,4.898,5.116,plr,BHBA_IR_SD_EMR.STAND_Cow.Yes_Breed.Yes_MilkME.No_EMR212_incl.HighCorr_noFeatExt_SMOTE200_pp.cs_GLMNET_9660_217
0.311,0.298,0.325,nlr,BHBA_IR_SD_EMR.STAND_Cow.Yes_Breed.Yes_MilkME.No_EMR212_incl.HighCorr_noFeatExt_SMOTE200_pp.cs_GLMNET_9660_217
0.179,0.177,0.182,aprev,BHBA_IR_SD_EMR.STAND_Cow.Yes_Breed.Yes_MilkME.Yes_AllWN_incl.HighCorr_noFeatExt_SMOTE200_pp.cs_GLMNET_9442_1064
0.062,0.061,0.064,tprev,BHBA_IR_SD_EMR.STAND_Cow.Yes_Breed.Yes_MilkME.Yes_AllWN_incl.HighCorr_noFeatExt_SMOTE200_pp.cs_GLMNET_9442_1064
0.681,0.669,0.693,se,BHBA_IR_SD_EMR.STAND_Cow.Yes_Breed.Yes_MilkME.Yes_AllWN_incl.HighCorr_noFeatExt_SMOTE200_pp.cs_GLMNET_9442_1064
0.854,0.852,0.857,sp,BHBA_IR_SD_EMR.STAND_Cow.Yes_Breed.Yes_MilkME.Yes_AllWN_incl.HighCorr_noFeatExt_SMOTE200_pp.cs_GLMNET_9442_1064
0.844,0.841,0.846,diag.acc,BHBA_IR_SD_EMR.STAND_Cow.Yes_Breed.Yes_MilkME.Yes_AllWN_incl.HighCorr_noFeatExt_SMOTE200_pp.cs_GLMNET_9442_1064
0.768,0.761,0.775,balanced.acc,BHBA_IR_SD_EMR.STAND_Cow.Yes_Breed.Yes_MilkME.Yes_AllWN_incl.HighCorr_noFeatExt_SMOTE200_pp.cs_GLMNET_9442_1064
12.536,11.832,13.283,diag.or,BHBA_IR_SD_EMR.STAND_Cow.Yes_Breed.Yes_MilkME.Yes_AllWN_incl.HighCorr_noFeatExt_SMOTE200_pp.cs_GLMNET_9442_1064
0.007,0.006,0.007,nnd,BHBA_IR_SD_EMR.STAND_Cow.Yes_Breed.Yes_MilkME.Yes_AllWN_incl.HighCorr_noFeatExt_SMOTE200_pp.cs_GLMNET_9442_1064
0.536,0.521,0.55,youden,BHBA_IR_SD_EMR.STAND_Cow.Yes_Breed.Yes_MilkME.Yes_AllWN_incl.HighCorr_noFeatExt_SMOTE200_pp.cs_GLMNET_9442_1064
0.238,0.231,0.244,ppv,BHBA_IR_SD_EMR.STAND_Cow.Yes_Breed.Yes_MilkME.Yes_AllWN_incl.HighCorr_noFeatExt_SMOTE200_pp.cs_GLMNET_9442_1064
0.976,0.975,0.977,npv,BHBA_IR_SD_EMR.STAND_Cow.Yes_Breed.Yes_MilkME.Yes_AllWN_incl.HighCorr_noFeatExt_SMOTE200_pp.cs_GLMNET_9442_1064
4.678,4.569,4.79,plr,BHBA_IR_SD_EMR.STAND_Cow.Yes_Breed.Yes_MilkME.Yes_AllWN_incl.HighCorr_noFeatExt_SMOTE200_pp.cs_GLMNET_9442_1064
0.373,0.359,0.387,nlr,BHBA_IR_SD_EMR.STAND_Cow.Yes_Breed.Yes_MilkME.Yes_AllWN_incl.HighCorr_noFeatExt_SMOTE200_pp.cs_GLMNET_9442_1064
0.177,0.175,0.179,aprev,BHBA_IR_SD_EMR.STAND_Cow.Yes_Breed.Yes_MilkME.Yes_EMR212_incl.HighCorr_noFeatExt_SMOTE200_pp.cs_GLMNET_9442_218
0.062,0.061,0.064,tprev,BHBA_IR_SD_EMR.STAND_Cow.Yes_Breed.Yes_MilkME.Yes_EMR212_incl.HighCorr_noFeatExt_SMOTE200_pp.cs_GLMNET_9442_218
0.713,0.701,0.724,se,BHBA_IR_SD_EMR.STAND_Cow.Yes_Breed.Yes_MilkME.Yes_EMR212_incl.HighCorr_noFeatExt_SMOTE200_pp.cs_GLMNET_9442_218
0.859,0.856,0.861,sp,BHBA_IR_SD_EMR.STAND_Cow.Yes_Breed.Yes_MilkME.Yes_EMR212_incl.HighCorr_noFeatExt_SMOTE200_pp.cs_GLMNET_9442_218
0.85,0.847,0.852,diag.acc,BHBA_IR_SD_EMR.STAND_Cow.Yes_Breed.Yes_MilkME.Yes_EMR212_incl.HighCorr_noFeatExt_SMOTE200_pp.cs_GLMNET_9442_218
0.786,0.779,0.793,balanced.acc,BHBA_IR_SD_EMR.STAND_Cow.Yes_Breed.Yes_MilkME.Yes_EMR212_incl.HighCorr_noFeatExt_SMOTE200_pp.cs_GLMNET_9442_218
15.08,14.21,16.005,diag.or,BHBA_IR_SD_EMR.STAND_Cow.Yes_Breed.Yes_MilkME.Yes_EMR212_incl.HighCorr_noFeatExt_SMOTE200_pp.cs_GLMNET_9442_218
0.006,0.006,0.006,nnd,BHBA_IR_SD_EMR.STAND_Cow.Yes_Breed.Yes_MilkME.Yes_EMR212_incl.HighCorr_noFeatExt_SMOTE200_pp.cs_GLMNET_9442_218
0.571,0.557,0.585,youden,BHBA_IR_SD_EMR.STAND_Cow.Yes_Breed.Yes_MilkME.Yes_EMR212_incl.HighCorr_noFeatExt_SMOTE200_pp.cs_GLMNET_9442_218
0.252,0.245,0.258,ppv,BHBA_IR_SD_EMR.STAND_Cow.Yes_Breed.Yes_MilkME.Yes_EMR212_incl.HighCorr_noFeatExt_SMOTE200_pp.cs_GLMNET_9442_218
0.978,0.977,0.979,npv,BHBA_IR_SD_EMR.STAND_Cow.Yes_Breed.Yes_MilkME.Yes_EMR212_incl.HighCorr_noFeatExt_SMOTE200_pp.cs_GLMNET_9442_218
5.045,4.931,5.162,plr,BHBA_IR_SD_EMR.STAND_Cow.Yes_Breed.Yes_MilkME.Yes_EMR212_incl.HighCorr_noFeatExt_SMOTE200_pp.cs_GLMNET_9442_218
0.335,0.321,0.348,nlr,BHBA_IR_SD_EMR.STAND_Cow.Yes_Breed.Yes_MilkME.Yes_EMR212_incl.HighCorr_noFeatExt_SMOTE200_pp.cs_GLMNET_9442_218
